date,precipitation,temp_max,temp_min,wind,weather
3/19/2013,0,3.98,0.48,2.8,drizzle
3/20/2013,0,7.33,3.73,2.43,drizzle
3/21/2013,0,9.54,3.73,4.67,sun
3/22/2013,0,4.59,0.28,5.88,sun
3/23/2013,0,3.5,-1.24,4.21,sun
3/24/2013,0,6.85,0.61,2.71,sun
3/25/2013,0,5.97,1.02,2.04,sun
3/26/2013,0,3.95,0.17,2.88,snow
3/27/2013,0,5.07,1.3,2.69,sun
3/28/2013,0,8.7,4.06,4.46,sun
3/29/2013,0,8,3.21,3.67,sun
3/30/2013,0,10.03,6.15,3.46,sun
3/31/2013,0,11.29,4.98,1.08,sun
4/1/2013,0,11.14,4.27,1.3,sun
4/2/2013,0,12.13,6.89,3.42,sun
4/3/2013,0,8.03,2.3,4.42,sun
4/4/2013,0,7.56,1.57,4.21,sun
4/5/2013,0,6.26,0.09,2.77,sun
4/6/2013,0,10.07,5.64,3.66,rain
4/7/2013,0,11.95,6.2,4,sun
4/8/2013,0,13.01,7.93,5.58,sun
4/9/2013,0,21.76,15.01,3.21,sun
4/10/2013,0,25.81,19.1,3.38,sun
4/11/2013,0,27.82,21.26,3.79,sun
4/12/2013,0,27.21,19.96,2.67,sun
4/13/2013,0,17.28,11.63,4,rain
4/14/2013,0,17.17,10.62,3.81,sun
4/15/2013,0,16.04,9.74,2.54,sun
4/16/2013,0,16.26,11.76,2.69,sun
4/17/2013,0,18.22,14.86,2.57,sun
4/18/2013,0,21.07,15.92,2.68,sun
4/19/2013,0,19.96,15.78,2.77,sun
4/20/2013,0,22.97,17.73,5.76,sun
4/21/2013,0,17.77,11.5,5.2,sun
4/22/2013,0,11.06,6.28,4.54,sun
4/23/2013,0,10.45,5.03,3.88,sun
4/24/2013,0.254,12.4,8.49,3.33,sun
4/25/2013,0,17.06,10.2,3.88,sun
4/26/2013,0,17.43,11.87,5.09,sun
4/27/2013,0,15.55,8.84,2.46,sun
4/28/2013,0,17.3,9.76,1.25,sun
4/29/2013,0,17.11,10.02,3.26,sun
4/30/2013,0,14.82,12.41,2.56,drizzle
5/1/2013,0,14.86,12.67,3.98,drizzle
5/2/2013,0,16.41,11.72,3.42,sun
5/3/2013,0,15.44,10.81,2.71,sun
5/4/2013,0,15.91,10.96,2.75,sun
5/5/2013,0,14.94,10.88,3.63,sun
5/6/2013,0,13.56,9.52,3.79,sun
5/7/2013,0,14.04,10.67,4.36,sun
5/8/2013,0,16.79,14.25,4.94,drizzle
5/9/2013,0,18.37,14.2,3.08,rain
5/10/2013,0,17.08,13.26,1.82,drizzle
5/11/2013,0,22.79,16.33,1.69,sun
5/12/2013,0,22.44,17.01,3.13,rain
5/13/2013,0,19.13,14.5,4.03,sun
5/14/2013,0,13.38,8.39,4.21,sun
5/15/2013,0,12.8,7.33,2.38,sun
5/16/2013,0,20.15,14.36,2.13,sun
5/17/2013,0,26.79,19.93,1.96,sun
5/18/2013,0,24.65,19.78,1.63,sun
5/19/2013,0,19.81,16.35,1.41,sun
5/20/2013,0,19.06,15.78,1.52,drizzle
5/21/2013,0,23.15,19.32,1.78,sun
5/22/2013,0,25.8,20.46,1.83,sun
5/23/2013,0,27.18,21.9,1.84,sun
5/24/2013,0,25.66,19.94,2.58,sun
5/25/2013,0,18.87,14.12,3.87,sun
5/26/2013,0,14.06,9.8,5.08,sun
5/27/2013,0,17.85,12.12,2.96,sun
5/28/2013,0,19.33,12.27,1.13,sun
5/29/2013,0,22.95,15.95,0.67,sun
5/30/2013,0,26.28,20.96,1.46,sun
5/31/2013,0,29.73,22.62,1.04,sun
6/1/2013,0,29.13,22.61,1.75,sun
6/2/2013,0,29.72,23.1,1.38,sun
6/3/2013,0,28.73,22.28,3.46,sun
6/4/2013,0,23.97,19.31,1.69,rain
6/5/2013,4.32,22.42,17.5,2.13,sun
6/6/2013,0,21.48,16.69,1.38,sun
6/7/2013,4.74,21.68,17.98,2.8,sun
6/8/2013,119.28,21,18.58,2.89,rain
6/9/2013,33.2,22.26,19.08,2.62,rain
6/10/2013,9.87,24.13,19.59,1.88,sun
6/11/2013,90.42,24.03,21.05,2.27,rain
6/12/2013,76.9,24.26,21.04,2.29,rain
6/13/2013,4.64,27.14,22.96,2.52,rain
6/14/2013,40.26,26.1,22.05,2.1,rain
6/15/2013,10.75,21.89,18.5,3.52,sun
6/16/2013,0,23.53,19.28,1.96,sun
6/17/2013,0.5,24.12,20.09,1.46,sun
6/18/2013,22.95,26.7,22.96,2.36,sun
6/19/2013,24.82,24.53,21.19,1.06,rain
6/20/2013,2.5,21.77,19.49,2.25,sun
6/21/2013,0,20.33,15.89,1.83,sun
6/22/2013,0,19.72,16.21,1.62,sun
6/23/2013,0,24.1,20.11,1.29,sun
6/24/2013,51.77,25.02,21.76,1.58,sun
6/25/2013,8.13,27.53,23.17,2.5,sun
6/26/2013,17.5,26.92,23.57,1.71,sun
6/27/2013,17.98,28.05,22.74,2.22,sun
6/28/2013,15.3,25.2,21.69,1.92,sun
6/29/2013,92.99,26.21,22.13,1.72,rain
6/30/2013,24.82,25.33,22.34,1.67,rain
7/1/2013,24,26.77,23.35,2.22,sun
7/2/2013,83,25.52,23.6,2.48,sun
7/3/2013,56.5,26.32,23.88,3.88,sun
7/4/2013,5.5,26.31,23.24,2.69,sun
7/5/2013,0.25,27.88,25.03,1.91,sun
7/6/2013,0,28.4,25.15,2.35,sun
7/7/2013,0,29.56,26.08,1.83,sun
7/8/2013,1.83,29.61,25.06,2.08,sun
7/9/2013,12.06,25.68,22.79,1.68,sun
7/10/2013,0,26.55,23.14,1.29,sun
7/11/2013,4.88,27.79,24.69,2.84,sun
7/12/2013,36.88,26.4,23.62,2.42,rain
7/13/2013,120.27,23.25,20.33,1.95,rain
7/14/2013,20.325,24.91,22.36,1.24,sun
7/15/2013,8.14,26.53,22.83,2.2,sun
7/16/2013,0,28.8,25.13,1.27,sun
7/17/2013,0,29.8,26.62,1.65,sun
7/18/2013,0,29.54,25.67,0.9,sun
7/19/2013,0,30.9,27.53,1.04,sun
7/20/2013,0,31.39,27.81,0.83,sun
7/21/2013,12,30.29,26.59,2.43,sun
7/22/2013,52.98,29.25,24.35,1.19,sun
7/23/2013,27.75,27.38,24.59,1.05,sun
7/24/2013,28.3,27.97,24.03,1.12,sun
7/25/2013,0,26.09,22.98,2.88,sun
7/26/2013,1.02,23.59,19.71,2.36,sun
7/27/2013,0,23.9,20.27,0.92,sun
7/28/2013,12.92,25.32,20.6,1.12,sun
7/29/2013,28.34,24.51,21.95,2,rain
7/30/2013,24.19,23.95,20.37,1.09,sun
7/31/2013,0,23.6,19.45,0.83,sun
8/1/2013,0,23.7,20.27,1.58,sun
8/2/2013,64.29,23.25,20.9,2.59,rain
8/3/2013,6,25.42,22.36,1.32,sun
8/4/2013,7.43,24.23,19.64,1.35,sun
8/5/2013,1.77,23.52,19.84,1.93,sun
8/6/2013,0.25,22.22,18.07,1.54,sun
8/7/2013,9.94,21.56,18.02,1.14,sun
8/8/2013,16.76,24.67,22.25,1.81,sun
8/9/2013,2.79,27.5,23.69,2.75,sun
8/10/2013,47.28,29.11,25.01,1.58,rain
8/11/2013,26.52,27.07,23.41,1.67,sun
8/12/2013,0.25,25.26,22.06,1.21,sun
8/13/2013,0,26.57,23.3,0.56,sun
8/14/2013,6.76,26.79,23.37,1.62,rain
8/15/2013,5.12,22.29,19.39,3.19,sun
8/16/2013,0,21.41,18.82,1.53,sun
8/17/2013,0,20.12,17.17,1.21,sun
8/18/2013,0,20.7,17.65,1.22,sun
8/19/2013,21.02,21.52,18.53,1.14,rain
8/20/2013,0.25,20.91,18.32,0.96,sun
8/21/2013,0,24.32,20.92,1.13,sun
8/22/2013,5,26.31,22.84,1,sun
8/23/2013,17.74,26.86,23.74,0.93,rain
8/24/2013,9.43,24.19,20.61,1.79,sun
8/25/2013,0.5,22.17,19.37,1.62,sun
8/26/2013,0,22.49,18.74,1,sun
8/27/2013,0,24.25,19.32,2.13,sun
8/28/2013,0,27.73,24.15,3.08,sun
8/29/2013,4.42,25.49,22.8,1.38,rain
8/30/2013,24.95,24.98,22.58,1.52,drizzle
8/31/2013,0,24.61,20.65,1,sun
9/2/2013,26.92,27.4,24.29,1.5,sun
9/3/2013,29.5,26.47,22.56,1.25,rain
9/4/2013,0,26.14,23.23,1.18,sun
9/5/2013,0,22.83,18.81,1.94,sun
9/6/2013,0,21.85,19.62,1.77,sun
9/7/2013,0,14.39,13.05,1,sun
9/8/2013,0,25.78,24.37,2,sun
9/9/2013,0,23.48,19.74,1.73,sun
9/10/2013,0,26.52,23.77,1.33,sun
9/11/2013,1.77,30.13,26.37,2.18,sun
9/12/2013,0,28.5,23.56,2.2,sun
9/13/2013,12.25,22.8,19.41,3.36,sun
9/14/2013,0.5,18.07,14.8,3.07,sun
9/15/2013,0,16.83,13.28,1.39,sun
9/16/2013,3,19.88,16.06,2.76,sun
9/17/2013,0,17.06,13.75,2.38,sun
9/18/2013,0,14,11.12,1.65,sun
9/19/2013,0,17.38,14.46,1.58,sun
9/20/2013,0,20,16.31,1.81,sun
9/21/2013,0,19.4,13.6,2.1,sun
9/22/2013,56,20.15,17.08,2.69,sun
9/23/2013,0,16.18,12.25,1.6,sun
9/24/2013,0,16.82,11.99,1.45,sun
9/25/2013,0.25,17.07,11.4,1.6,sun
9/26/2013,0.25,19.28,14.72,1.35,sun
9/27/2013,1,17.67,13.72,1.29,sun
9/28/2013,0,17.42,14.14,1.33,sun
9/29/2013,0,16.48,13.14,1.19,sun
9/30/2013,0,15.07,10.96,1.15,sun
10/1/2013,0,17.78,11.67,1.67,sun
10/2/2013,0,18.45,14,1,sun
10/3/2013,0,22.32,18.78,0.92,sun
10/4/2013,0,22.64,19.07,1.15,sun
10/5/2013,0,24.92,21.32,1.38,sun
10/6/2013,4,24.86,21.62,2.19,sun
10/7/2013,37.78,22.84,19.5,2.8,sun
10/8/2013,0.5,16.03,12.19,1.73,sun
10/9/2013,0,14.8,11.8,3,sun
10/10/2013,15,14.55,12,4.84,rain
10/11/2013,229.76,16.36,13.61,3.22,rain
10/12/2013,37.98,17.7,15.58,3.04,rain
10/13/2013,7.63,16.75,14.56,3,rain
10/14/2013,3,16.56,13.04,2.58,sun
10/15/2013,0.75,17.09,12.92,1.18,sun
10/16/2013,1,19.41,16.22,1,sun
10/17/2013,4.5,19.96,17.26,1.5,sun
10/18/2013,11.64,17.53,13.72,2.18,sun
10/19/2013,0.25,13.34,9.51,1.81,sun
10/20/2013,0,14.9,11.46,1.93,sun
10/21/2013,0,15.75,12.55,2.55,sun
10/22/2013,0,12.69,8.25,1.88,sun
10/23/2013,0,12.43,9.29,3.14,sun
10/24/2013,0,9.63,6.25,3.38,sun
10/25/2013,0,8.17,5.33,3.83,sun
10/26/2013,0,8.36,4.91,2.36,sun
10/27/2013,0,10.67,7,1.67,sun
11/6/2013,0,16.69,13.26,1.58,sun
11/7/2013,2.03,14.97,11.65,1.84,sun
11/8/2013,0,8.11,4.98,1.92,sun
11/9/2013,0,5.71,2.93,1.73,sun
11/10/2013,0,11.19,7.36,2.88,sun
11/11/2013,0,9.23,6.15,2,sun
11/12/2013,0,8.66,5.41,2.63,sun
11/13/2013,0,2.75,-0.06,1.88,sun
11/14/2013,0,4.35,1.32,1.91,sun
11/15/2013,0,6.51,2.75,1.71,sun
11/16/2013,0,9.79,7.28,1.59,drizzle
11/17/2013,0.75,12.86,10.78,1.91,drizzle
11/18/2013,0,17.62,14.62,3.25,sun
11/19/2013,0,9.87,6.96,3.29,sun
11/20/2013,0,4.32,1.4,1.75,sun
11/21/2013,0,3.75,1.71,1.79,sun
11/22/2013,0,11.33,9,2.08,sun
11/23/2013,0,10.58,7.17,3.83,sun
11/24/2013,0,0.04,-2.79,5.42,sun
11/25/2013,0,-1.25,-4.11,2.42,sun
11/26/2013,0,2.77,0.75,1.45,sun
11/27/2013,0,6.66,2.07,3.1,rain
11/28/2013,0,1.23,-1.24,1.14,sun
11/29/2013,0,1.44,-0.94,1.95,sun
11/30/2013,0,0.34,-3.02,1.71,sun
12/1/2013,0,2.34,-0.85,1.71,sun
12/2/2013,0,6.74,4.14,2,sun
12/3/2013,0,8.73,5.45,1.67,sun
12/4/2013,0,8.4,4.77,2,sun
12/5/2013,0,14.91,12.28,1.71,sun
12/6/2013,26.68,13.99,10.5,2.84,rain
12/7/2013,18.74,5.14,2.43,2.36,sun
12/8/2013,40.67,-0.37,-2.8,2.08,sun
12/9/2013,29.46,1.21,-0.43,1.85,rain
12/10/2013,8.4,1.8,0.06,1.86,drizzle
12/11/2013,4.5,0.75,-3.1,1.3,sun
12/12/2013,0.25,-0.94,-4.55,2.22,sun
12/13/2013,0,-0.17,-3.38,2.13,sun
12/14/2013,0,2.24,0.17,1.93,sun
12/15/2013,0,4.57,1.6,3.67,drizzle
12/16/2013,1,2.44,-0.02,2.19,sun
12/17/2013,0.5,2.52,0.46,1.18,sun
12/18/2013,2.06,2.9,-0.26,1.73,sun
12/19/2013,2.53,7.86,3.58,1.73,sun
12/20/2013,0,12.32,7.03,2,sun
12/21/2013,0,16.67,13.66,2.09,sun
12/22/2013,18.49,19.49,17.11,2.57,sun
12/23/2013,38.47,15.98,13.67,1.82,rain
12/24/2013,5.32,3.83,0.9,2,sun
12/25/2013,0,-2.52,-5.43,1.52,sun
12/26/2013,0,0.6,-2.65,1.71,sun
12/27/2013,0,4.04,-1.15,2,sun
12/28/2013,0,7.04,1.29,2,sun
12/29/2013,62.41,8.35,4.93,1.45,rain
12/30/2013,1,6.62,2.74,2.09,sun
12/31/2013,0,3.11,-0.03,1.86,sun
1/1/2014,0,2.52,-1.06,2.13,sun
1/2/2014,3.86,3.01,0.23,2.1,sun
1/3/2014,13.5,-2.86,-5.75,2.84,rain
1/4/2014,3.66,-5.05,-9.94,1.71,sun
1/5/2014,11.71,2.42,-2.61,1.43,rain
1/6/2014,28.99,5.96,2.06,2.4,rain
1/7/2014,0,-10.12,-13.78,4.17,sun
1/8/2014,0,-7.17,-10.9,1.68,sun
1/9/2014,0,-0.02,-3.06,1.67,sun
1/10/2014,19.22,1.82,-0.3,1.71,rain
1/11/2014,54.5,6.21,3.1,1.63,rain
1/12/2014,1.61,9.55,6.25,1.96,sun
1/13/2014,0.25,6.84,1.8,1.96,sun
1/14/2014,0.64,10.46,7.97,2.1,sun
1/15/2014,8.37,5.49,2.27,1.61,fog
1/16/2014,2.65,3.41,0.64,1.44,sun
1/17/2014,0,8.88,7.56,2.04,sun
1/18/2014,0,10.82,10.82,2,sun
1/19/2014,0,7.02,4.61,2,sun
1/20/2014,0,8.13,3.87,2,sun
1/21/2014,11.8,-0.33,-3.15,2,sun
1/22/2014,4.65,-8.92,-12.17,3.69,sun
1/23/2014,1.52,-7.28,-11.83,2.64,sun
1/24/2014,0.75,-8.38,-11.65,2.61,sun
1/25/2014,0,-3.97,-6.35,2.88,sun
1/26/2014,0.75,-1.58,-4.87,2.55,sun
1/27/2014,2.78,4.11,-1.88,4.92,sun
1/28/2014,0,-6.73,-10.6,5.88,sun
1/29/2014,1.25,-7.83,-11.29,3.29,sun
1/30/2014,1,-4.79,-10.77,1.33,sun
1/31/2014,0.25,1.53,-3.52,0.63,sun
2/1/2014,0,4.28,-0.65,0.63,sun
2/2/2014,0.25,9.58,2.6,0.67,sun
2/3/2014,34.74,5.98,2.75,4.17,rain
2/4/2014,6.77,1.3,-2.43,1.71,sun
2/5/2014,16.97,1.52,-0.73,1.96,rain
2/6/2014,1.25,2.13,-2.62,5.71,sun
2/7/2014,0,2.96,-3.17,2.25,sun
2/8/2014,0.25,0.84,-3.89,2.71,sun
2/9/2014,4.56,-0.62,-4.1,1.33,sun
2/10/2014,1,-0.34,-4.22,3.17,sun
2/11/2014,0.25,-2.64,-7.15,2.5,sun
2/12/2014,0,-3.81,-8.42,2.46,sun
2/13/2014,31.34,0.38,-3.44,6.42,rain
2/14/2014,19.52,5.3,1.28,3.88,rain
2/15/2014,5.6,3.08,0.01,3.75,rain
2/16/2014,0,0.24,-2.87,3.58,sun
2/17/2014,0,-0.13,-3.79,2.75,sun
2/18/2014,0,4,0.54,4,sun
2/19/2014,0,7.96,2.58,2.67,sun
2/20/2014,0,9,4.33,2.17,sun
2/21/2014,0.25,10.66,5.42,2.25,sun
2/22/2014,0,8.33,3.79,2.58,sun
2/23/2014,0,11.96,7.6,3,sun
2/24/2014,0.25,7.52,3.13,6.21,sun
2/25/2014,3.09,1.29,-2.81,1.41,sun
2/26/2014,2.78,0.74,-2.7,3.29,sun
2/27/2014,0,0.05,-4.84,4.67,sun
2/28/2014,0,-4.71,-8,5.21,sun
3/1/2014,0.25,-1.03,-4.73,1.58,sun
3/2/2014,0,6.12,1.71,1.67,sun
3/3/2014,0,-1.38,-4.29,6.29,sun
3/4/2014,0,-6.62,-13.38,2.81,sun
3/5/2014,0,-1,-4.91,0.68,sun
3/6/2014,0,0.5,-2.83,4.75,sun
3/7/2014,0,2.5,-0.38,5.17,sun
3/8/2014,0,7.83,3.92,3.21,sun
3/9/2014,0,9.83,5.87,3.71,sun
3/10/2014,0,8.96,4.67,3.38,sun
3/11/2014,0,14.11,7.92,1.88,sun
3/12/2014,3.12,13.42,8.97,3.04,sun
3/13/2014,2.86,1.21,-2.8,9.54,sun
3/14/2014,0,4.05,0.59,3.83,sun
3/15/2014,0,14.5,10.66,5.33,sun
3/16/2014,0,8.25,2.83,3.38,sun
3/17/2014,15.65,-1.22,-3.95,4.96,rain
3/18/2014,10.07,2.05,-0.5,3.25,sun
3/19/2014,10.75,4.23,2.08,1.2,rain
3/20/2014,4.34,9.55,6.45,3.92,rain
3/21/2014,2.07,10.11,4.2,1.88,sun
3/22/2014,0.25,12.53,7.25,2.46,sun
3/23/2014,0,8.96,5.44,3.75,sun
3/24/2014,0,2.06,-1.99,4.83,sun
3/25/2014,8.18,1.12,-2.88,1.25,sun
3/26/2014,5.45,0.9,-2.33,5.67,rain
3/27/2014,4.09,3.13,-1.92,2.67,sun
3/28/2014,4.41,12.75,7.65,6.17,rain
3/29/2014,18.53,15.66,11.05,2.58,rain
3/30/2014,38.22,9.46,4.61,5.58,rain
3/31/2014,11.5,10.9,7.08,6.13,rain
4/1/2014,3,14.05,7.04,2.46,sun
4/2/2014,0.75,13.36,7.65,1.78,sun
4/3/2014,4.1,15.59,11.19,1.33,rain
4/4/2014,1.42,13.79,9.39,3.21,sun
4/5/2014,4.02,12.5,8.66,4.88,sun
4/6/2014,7.6,10.37,5.63,1.67,sun
4/7/2014,11.73,9.28,4.81,2.58,rain
4/8/2014,5.67,14.87,10.56,3.54,rain
4/9/2014,1.25,13.81,8.39,3.38,sun
4/10/2014,0.75,15.52,9.25,3.46,sun
4/11/2014,0,21.88,16.81,4.75,sun
4/12/2014,3.05,19.93,14.85,2.04,sun
4/13/2014,0,21.62,16.57,4.13,sun
4/14/2014,0,23.28,19.06,7.29,sun
4/15/2014,50.83,18.57,13.51,5.17,rain
4/16/2014,19.84,5.14,1.87,5.67,rain
4/17/2014,0,8.31,3.16,2.17,sun
4/18/2014,0,8.62,4.28,1.75,sun
4/19/2014,0,13.49,9.34,1.38,sun
4/20/2014,0,14.43,9.66,2.82,sun
4/21/2014,0,14.59,9.24,1.58,sun
4/22/2014,3.27,17.91,12.7,3.25,sun
4/23/2014,5.51,14.78,10.45,6.42,sun
4/24/2014,0,12.58,8.85,4.13,sun
4/25/2014,14.22,14.58,8.93,2.63,sun
4/26/2014,6.72,16.88,13.5,3.67,sun
4/27/2014,3.81,17.27,11.8,4.33,sun
4/28/2014,1.75,14.24,9.88,2.08,sun
4/29/2014,6.67,9.94,7.91,2.43,rain
5/4/2014,0,22.25,16.48,4.29,sun
5/5/2014,0.64,15.42,11.26,2,sun
5/6/2014,20.59,16.56,12.7,1.58,rain
5/7/2014,9.74,16.04,11.26,1.54,sun
5/8/2014,1.25,20.44,16.17,1.37,sun
5/9/2014,0,22.13,17.42,1.74,sun
5/10/2014,4.27,22.7,19.24,3.58,sun
5/11/2014,11.24,22.68,17.98,1.48,sun
5/12/2014,0,24.06,20.33,1.71,sun
5/13/2014,6.19,25.67,21.95,1.5,sun
5/14/2014,6.49,19.58,16.78,2.03,drizzle
5/15/2014,51.42,21.69,18.82,2.36,drizzle
5/16/2014,137.25,20.16,16.28,3.67,rain
5/17/2014,8.82,17,12.54,1.33,rain
5/18/2014,2.5,16.76,11.93,1.58,sun
5/19/2014,0.25,17.14,11.43,1.42,sun
5/20/2014,0,20.39,14.14,1.17,sun
5/21/2014,8.25,21.42,17.6,1.46,sun
5/22/2014,32.75,23.03,20.18,2.36,drizzle
5/23/2014,4,22.67,18.67,4.29,sun
5/24/2014,0,20.09,16.79,3.42,sun
5/25/2014,0.25,22.69,17.43,1.46,sun
5/26/2014,4.83,24.52,18.45,2.13,sun
5/27/2014,11.24,27.18,21.02,3,sun
5/28/2014,16.29,24.24,20.76,2.21,rain
5/29/2014,12.75,16.76,12.98,3.17,rain
5/30/2014,4.72,17.57,14.75,1.17,rain
5/31/2014,2.02,22,17.16,2.32,sun
6/1/2014,0.75,20.56,15.63,1.44,sun
6/2/2014,0.5,21.93,17.25,2.08,sun
6/3/2014,21.21,25.07,20.2,1.5,sun
6/4/2014,2,26.25,21.65,1.24,sun
6/5/2014,37.52,22.3,18.52,2.92,rain
6/6/2014,0,22.49,17.44,1.67,sun
6/7/2014,0,23.47,17.93,0.88,sun
6/8/2014,2,24.41,19.71,1.33,sun
6/9/2014,73.17,23.83,20.82,1.3,rain
6/10/2014,0,27.07,22.36,1.07,drizzle
6/11/2014,6.54,26.42,22.63,1.55,sun
6/12/2014,48.07,22.94,20.02,2,rain
6/13/2014,2.25,25,22.06,1.43,rain
6/14/2014,1.23,23.25,19.13,2,rain
6/15/2014,0.5,22.03,16.46,1.38,sun
6/16/2014,0.25,24.63,18.55,1,sun
6/17/2014,0,30.56,25,1,drizzle
6/18/2014,0,30.39,25.42,1.75,sun
6/19/2014,21.84,29.11,24.21,1,sun
6/20/2014,2.02,25.11,20.62,1,rain
6/21/2014,2.35,23.11,18.54,1.43,rain
6/22/2014,0.64,20,17.78,1,rain
6/23/2014,0,24.81,20.19,1.17,sun
6/24/2014,0,26.67,21.67,0,sun
6/25/2014,7.5,28.11,24.33,2.4,sun
6/26/2014,22.36,27.28,22.84,2.13,sun
6/27/2014,1,27.33,22.71,1.6,sun
6/28/2014,0,25.25,21.25,2,sun
6/29/2014,0,24,19.5,1.75,sun
6/30/2014,0,26.5,19.5,2,sun
7/1/2014,0,31.63,28.75,3.25,sun
7/2/2014,4,30.15,25.15,2.65,sun
7/3/2014,88.5,28.35,24.82,2.24,rain
7/4/2014,469,24.88,21.41,6.12,rain
7/5/2014,0,24.19,19.57,2.76,sun
7/6/2014,0,24.52,19.28,2.16,sun
7/7/2014,0,28.5,25.54,2.54,sun
7/8/2014,0,30.52,25.52,4,sun
7/9/2014,81,25.64,22.2,3.24,sun
7/10/2014,46,25.88,22.08,2.46,sun
7/11/2014,0,25.11,21.7,2.26,sun
7/12/2014,0,26.96,23.33,2.58,sun
7/13/2014,0,28.33,25.25,2.46,sun
7/14/2014,34,26.96,23,2.52,sun
7/15/2014,179,26.92,22.85,1.92,sun
7/16/2014,56,24.31,21.15,2.79,rain
7/17/2014,0,23.7,18.41,2.42,sun
7/18/2014,0.25,24.08,18.68,1.42,sun
7/19/2014,17.27,25.06,20.96,1.33,sun
7/20/2014,0.75,24.64,20.85,1.5,sun
7/21/2014,0.5,25.57,22.19,2.13,sun
7/22/2014,0.51,26.56,22.79,1.63,sun
7/23/2014,5.58,29.15,24.88,3.36,sun
7/24/2014,1.23,27.32,21.61,2.75,sun
7/25/2014,0,23.97,18.62,2.28,sun
7/26/2014,0,26.52,21.29,1.96,sun
7/27/2014,3.09,26.81,22.84,1.81,sun
7/30/2014,0,26.67,22.03,2.3,sun
7/31/2014,0,24.84,19.69,2.35,sun
8/1/2014,4.25,25.29,21.31,2.19,sun
8/2/2014,10.81,20.43,17.63,1.64,drizzle
8/3/2014,0,28.38,23,1.75,sun
8/4/2014,0,25.06,19.48,1.52,sun
8/5/2014,0,26.26,21.26,1.33,sun
8/6/2014,0,25.37,19.84,2.86,sun
8/7/2014,0,24.99,20.66,2.36,sun
8/8/2014,0,22.23,16.71,0.57,sun
6/12/2015,0,28.54,28.54,3,sun
6/13/2015,0,27.91,27.91,3,sun
6/14/2015,1.96,24.44,24.44,0,sun
6/15/2015,8.62,22.53,22.53,2,rain
6/19/2015,0,24.66,24.66,2,sun
6/20/2015,5.26,23.82,23.82,2,rain
6/22/2015,0,27.33,27.33,2.5,sun
6/24/2015,0,22.68,22.68,2.64,sun
6/25/2015,0,23.97,21.58,1.5,sun
6/26/2015,43.05,23.13,18.48,2.18,rain
6/27/2015,90.47,22.87,17.5,3,drizzle
6/28/2015,14.02,22.74,17.43,2.87,drizzle
6/29/2015,1.65,23,18.31,2.26,sun
6/30/2015,5.85,26.19,21.16,2.52,sun
7/1/2015,48.66,25.09,20.56,3.31,rain
7/2/2015,33.86,23.47,18.9,2.35,drizzle
7/3/2015,4.04,21.99,18.17,1.89,drizzle
7/4/2015,47.95,24.29,19.66,1.56,drizzle
7/5/2015,1.2,23.98,19.94,1.19,drizzle
7/6/2015,40.73,26.41,22.33,2.21,drizzle
7/7/2015,35.02,26.5,22.81,1.71,rain
7/8/2015,27.17,28.81,23.54,2.87,sun
7/9/2015,17.6,27.83,23.8,2.3,rain
7/10/2015,1.49,28.02,22.37,2.72,sun
7/11/2015,14.4,26.36,21.72,1.2,rain
7/12/2015,2.54,25.42,20.39,1.09,sun
7/13/2015,24.72,25.42,20.16,2.11,rain
7/14/2015,15.42,25.95,22.29,2.22,rain
7/15/2015,1.46,26.95,21.8,2.87,rain
7/16/2015,9.64,24.64,19.35,2.21,sun
7/17/2015,5.43,24.29,19.39,2.5,sun
7/18/2015,25.02,27.37,23.07,2.26,rain
7/19/2015,5.58,30.17,25.57,1.76,sun
7/20/2015,0.75,31.37,26.15,2,sun
7/21/2015,0,29.94,24.63,1.79,sun
7/22/2015,2.02,27.21,21.52,2.54,sun
7/23/2015,1.87,25.63,20.22,2.13,sun
7/24/2015,3.85,25.17,20.14,1.54,sun
7/25/2015,0.5,26.56,21.41,1.46,sun
7/26/2015,4.06,27.93,23.04,2.38,sun
7/27/2015,26.28,27.31,22.77,1.53,rain
7/28/2015,10.16,27.35,23.08,1.38,drizzle
7/29/2015,13.35,27.87,22.75,1.53,drizzle
7/30/2015,29.01,29.36,23.98,3.29,sun
7/31/2015,0.75,27.74,22.65,2.26,sun
8/1/2015,0.25,27.85,21.93,2.04,sun
8/2/2015,0.76,26.8,21.47,1.63,sun
8/3/2015,7.71,27.85,22.07,1.71,sun
8/4/2015,24.58,29.09,22.06,2.91,rain
8/5/2015,22.56,27.26,21.63,1.68,sun
8/6/2015,0.25,26.53,19.7,2.24,sun
8/7/2015,10.97,23.75,19.12,2.91,rain
8/8/2015,4.82,25.6,20.51,2.04,sun
8/9/2015,1.26,25.93,20.97,1.92,sun
8/10/2015,19.48,24.13,20.53,3.65,rain
8/11/2015,24.32,25.41,22.17,4.22,rain
8/12/2015,10.66,26.44,21.71,3.13,sun
8/13/2015,18.8,25.05,19.27,2.58,sun
8/14/2015,14.22,24.41,19.06,1.21,sun
8/15/2015,8.32,26.34,20.73,1.71,sun
8/16/2015,7.88,27.44,22.05,1.67,sun
8/17/2015,8.62,29.15,23.76,2.08,sun
8/18/2015,8.89,28.01,23.23,2.22,sun
8/19/2015,4.06,27.85,23.22,3.31,sun
8/20/2015,67.96,27.55,23.34,3.54,rain
8/21/2015,40.91,25.07,21.29,1.59,sun
8/22/2015,9.9,24.77,19.38,2.43,sun
8/23/2015,4.82,23.83,18.67,1.17,sun
8/24/2015,10.18,27.2,21.82,2.19,sun
8/25/2015,60.1,25.19,21.23,2.76,sun
8/26/2015,0,23.62,18.31,2.13,sun
8/27/2015,8.13,22.39,17.35,1.79,sun
8/28/2015,2.04,23.44,17.87,1.54,sun
8/29/2015,2.54,24.99,19.62,1.59,sun
8/30/2015,2.12,25.9,21.43,1.79,sun
8/31/2015,2.39,27.88,23.34,1.67,sun
9/1/2015,1.26,29.5,24.42,2,sun
9/2/2015,2.04,29.49,24.13,1.58,sun
9/3/2015,9.9,28.38,23.18,2.17,sun
9/4/2015,0,28.29,22.98,2,drizzle
9/5/2015,6.36,26.17,23.01,2.1,rain
9/6/2015,55.88,24.89,20.39,1.89,sun
9/7/2015,0.1,26.23,20.71,1.13,sun
9/8/2015,0,28.23,23.57,2.16,sun
9/9/2015,0.51,29.09,24.98,2.42,sun
9/10/2015,46.69,26.93,21.63,2.92,rain
9/11/2015,9.65,23.94,20.24,2.71,sun
9/12/2015,175.02,22.36,16.75,1.95,drizzle
9/13/2015,145,20.48,16.82,3.68,sun
9/14/2015,8.9,19.72,14.76,2.87,sun
9/15/2015,19.29,21.97,15.88,1.42,sun
9/16/2015,0,22.66,17.24,1.65,sun
9/17/2015,6.86,23.63,17.94,1.38,sun
9/18/2015,1.06,23.75,17.77,1.67,sun
9/19/2015,15.98,23.72,18.27,1.55,sun
9/20/2015,61.21,23.79,19.59,2.5,sun
9/21/2015,3.74,19.94,15.57,2.19,sun
9/22/2015,11.53,18.94,15.29,2.32,rain
9/23/2015,0.5,21.02,15.35,2.74,sun
9/24/2015,0.25,20.63,15.89,2.05,sun
9/25/2015,0.76,20.98,14.98,2.94,sun
9/26/2015,2.54,20.24,16.72,2.46,rain
9/27/2015,49.02,19.36,16.21,2.45,sun
9/28/2015,0,22.95,19.68,2.52,sun
9/29/2015,17.95,24,21.2,1.97,drizzle
9/30/2015,128.27,23.41,20.98,3.02,drizzle
10/1/2015,37.28,15.38,12.89,4.09,drizzle
10/2/2015,31.03,12.87,10.77,4.47,drizzle
10/3/2015,37.34,12.53,9.09,5.89,drizzle
10/4/2015,4,14.25,10.6,4.55,drizzle
10/5/2015,16.25,15.59,11.58,2.29,sun
10/6/2015,1.52,16.6,12.06,2,sun
10/7/2015,0,18.99,15.14,1.35,sun
10/8/2015,0,19.49,14.98,1.09,drizzle
10/9/2015,0.25,22.01,17.69,2.65,drizzle
10/10/2015,0,17.63,14.05,2.95,sun
10/11/2015,7.86,14.68,10.26,0.92,sun
10/12/2015,0.76,17.03,11.89,1.73,sun
10/13/2015,21.19,19.58,13.59,2.38,sun
10/14/2015,0.25,19,13.96,2.93,sun
10/15/2015,16.25,15.98,10.57,2.59,sun
10/16/2015,0,15.15,9.81,3.15,sun
10/17/2015,12.7,10.67,5,3.25,sun
10/18/2015,0,8.13,2.87,3.07,sun
10/19/2015,0,7.74,3.16,2.21,sun
10/20/2015,0.76,14.8,9.85,2.69,sun
10/21/2015,3.81,16.96,10.65,1.33,sun
10/22/2015,3.56,17.23,10.85,1.57,sun
10/23/2015,0.51,18.08,12.4,2.38,sun
10/27/2015,0,12.67,9.5,2.5,sun
10/28/2015,0,17.54,14.68,4.36,drizzle
10/29/2015,0,20.1,16.4,4.1,rain
10/30/2015,0,14.23,9.08,3.69,sun
10/31/2015,0,11.08,6.08,1.67,sun
11/1/2015,0,14.41,12.35,1.59,sun
11/2/2015,0,15.56,11.44,0.88,sun
11/3/2015,0,13.06,7.41,0.88,sun
11/4/2015,0,16.07,10.36,1.14,sun
11/5/2015,0,17.86,14.23,1.41,drizzle
11/6/2015,0,20.76,18.24,3.18,drizzle
11/7/2015,0,19.31,15.31,2.77,sun
11/8/2015,0,12.64,9,2.29,sun
11/9/2015,0,8.46,3.38,1.31,sun
11/10/2015,0,13.66,9.29,3.11,drizzle
11/11/2015,0,14.2,12,3.87,sun
11/12/2015,0,12.75,8.81,1.5,drizzle
11/13/2015,0,15.83,11.42,3.25,sun
11/14/2015,0,10.47,7.53,3.53,sun
11/15/2015,0,9.94,4.56,2.13,sun
11/16/2015,0,14.62,5.31,2,sun
11/17/2015,0,12.62,7.15,2.15,sun
11/18/2015,0,13.92,9.77,2.62,sun
11/19/2015,0,17.83,15.62,3.46,drizzle
11/20/2015,0,14.58,10.74,3.79,sun
11/21/2015,0,8.38,2.23,2,sun
11/22/2015,0,9.43,5.14,3.29,sun
11/23/2015,0,3.54,0.47,3.62,sun
11/24/2015,0,5.92,1.62,2.31,sun
11/25/2015,0,7.38,1.38,0.92,sun
11/26/2015,0,10.92,6,1.77,sun
11/27/2015,0,13.5,5.33,1.22,sun
11/28/2015,0,16.36,8.79,1.43,sun
11/29/2015,0,11.11,6.35,2.89,drizzle
11/30/2015,0,6.39,1.13,1.96,fog
12/1/2015,0,8.67,4.07,1.62,drizzle
12/2/2015,0,11.64,7.36,1.69,drizzle
12/3/2015,0,10.86,6,4.29,sun
12/4/2015,0,7.15,3.54,2.46,sun
12/5/2015,0,6.17,0.5,1.92,sun
12/6/2015,0,5.33,-0.44,0.89,drizzle
12/7/2015,0,8.23,2.15,1.38,drizzle
12/8/2015,0,8.46,1.08,1.31,sun
12/9/2015,0,8.5,1.95,2.73,drizzle
12/10/2015,0,9.71,4.75,1.71,drizzle
12/11/2015,0,12.64,6.43,2.07,sun
12/12/2015,0,13.59,7.06,1.18,drizzle
12/13/2015,0,17.76,10.71,0.94,sun
12/14/2015,0,17.56,13.72,3.72,drizzle
12/15/2015,0,18.27,13.33,4.2,sun
12/16/2015,0,11.23,6.08,1.85,sun
12/17/2015,0,10.7,7.52,1.41,drizzle
12/18/2015,0,9.99,5.47,3.53,sun
12/19/2015,0.04,4.13,-0.27,3.2,sun
12/20/2015,0.5,3.38,-2.04,2.13,sun
12/21/2015,0,8.34,2.15,2.77,sun
12/22/2015,5.7,13.63,10.55,3.13,sun
12/23/2015,30.62,15.66,13.15,1.8,drizzle
12/24/2015,9.7,20.19,17.21,2.55,rain
12/25/2015,117.67,20.08,16.16,2.23,drizzle
12/26/2015,3.11,15.2,12.21,3.71,drizzle
12/27/2015,5.58,13.61,11.18,2.48,drizzle
12/28/2015,2.04,11.09,5.82,4.18,sun
12/29/2015,34.11,8.65,4.41,2.98,drizzle
12/30/2015,15.8,11.18,7.15,2.1,drizzle
12/31/2015,6.42,11.72,7.88,2.06,drizzle
1/1/2016,1.26,7.27,2.53,3.22,sun
1/2/2016,1.14,4.65,-0.81,1.88,sun
1/3/2016,0,5.45,-0.48,1.93,sun
1/4/2016,0,2.91,-1.78,4.19,sun
1/5/2016,938.38,-3.68,-8,3,snow
1/6/2016,14.5,-2.12,-7.54,1.17,sun
1/7/2016,559.56,3.83,-0.64,1.17,snow
1/8/2016,7.39,5.25,2.56,2.17,fog
1/9/2016,3.79,7.05,3.97,1.4,drizzle
1/10/2016,25.1,13.79,8.96,3.52,rain
1/11/2016,202.5,3.36,-2.5,3.57,snow
1/12/2016,0,2.23,-3.47,2.53,sun
1/13/2016,0,-0.33,-6.42,4.58,sun
1/14/2016,0,2.43,-2.58,1.92,sun
1/15/2016,0,7.73,1,2.42,sun
1/16/2016,4.53,7.97,3.91,2.69,drizzle
1/17/2016,2.1,3.31,-0.57,1.96,sun
1/18/2016,0.2,-2.39,-7.29,4.93,sun
1/19/2016,0.15,-6.17,-10.33,4.92,sun
1/20/2016,0,-3.56,-7,2.33,sun
1/21/2016,0.15,-1.47,-5.32,3.06,sun
1/22/2016,0,-2.44,-6.87,1.75,sun
1/23/2016,0,-2.95,-6.59,8.98,snow
1/24/2016,2.93,-0.7,-5.87,5.78,sun
1/25/2016,242.9,-1.5,-9.8,1.2,snow
1/26/2016,12,6.07,-1.53,3.2,sun
1/27/2016,0,6.56,2.25,3.63,sun
1/28/2016,0,1.44,-5.52,1.18,sun
1/29/2016,410.2,3.84,-1.31,3.83,snow
1/30/2016,0,1.06,-3.85,2.92,sun
1/31/2016,0,9.11,1.79,2.57,sun
2/1/2016,4.64,12,6.09,2.37,sun
2/2/2016,0.6,7.9,2.3,2.17,sun
2/3/2016,52.73,8.05,4.04,2.44,drizzle
2/4/2016,0.8,13.57,8.74,3.19,drizzle
2/5/2016,2.53,4.88,1.96,4.68,sun
2/6/2016,0,2.69,-1.32,1.71,sun
2/7/2016,9.8,3.33,-0.9,1.29,sun
2/8/2016,0,5.61,0.67,2.04,sun
2/9/2016,202.02,3.45,0.66,3.18,snow
2/10/2016,0.3,1.63,-2.48,4.38,snow
2/11/2016,0,-2.6,-6.84,5.21,sun
2/12/2016,0,-3.48,-8,2,sun
2/13/2016,0,-3.71,-8.25,5.73,snow
2/14/2016,0,-7.18,-11.62,3.15,sun
2/15/2016,0,-3.67,-6.74,2.54,snow
2/16/2016,48.44,5.04,0.02,3.09,rain
2/17/2016,0,5.31,0.16,3.13,sun
2/18/2016,0,3.37,-0.85,3.38,sun
2/19/2016,0,0.45,-3.94,1.77,sun
2/20/2016,0,11.57,6.57,2.36,sun
2/21/2016,2.4,13.51,7.99,1.95,sun
2/22/2016,2.3,9.41,4.59,2.14,sun
2/23/2016,19.16,6.5,2.34,2.97,fog
2/24/2016,80.07,9.6,3.54,3.28,drizzle
2/25/2016,1.2,12.5,7.48,4.05,sun
2/26/2016,0,4.38,0.45,5.92,sun
2/27/2016,0,2.18,-1.44,2.25,sun
2/28/2016,0,9.13,3.57,2,sun
2/29/2016,0,15.74,11.32,3.31,sun
3/1/2016,0,13.68,7.27,2.86,sun
3/2/2016,11.34,11.29,7.03,5.56,sun
3/3/2016,0,2.18,-1.67,2.83,sun
3/4/2016,1.97,2.39,-0.22,2.78,drizzle
3/5/2016,0,4.84,0.98,1.67,sun
3/6/2016,0,5.42,2.33,1.41,sun
3/7/2016,0,8.68,3.82,2.69,sun
3/8/2016,0,17.67,11.67,1.58,sun
3/9/2016,0,19.67,11.75,2,sun
3/10/2016,0,22.8,18.5,2.57,sun
3/11/2016,0,21.19,17.31,2.87,sun
3/12/2016,0,14.33,7.8,1.47,sun
3/13/2016,8.2,13.95,10.52,2.9,sun
3/14/2016,28.1,10.66,7.97,3.56,drizzle
3/15/2016,5.9,10.35,7.26,2.78,drizzle
3/16/2016,1.8,13.46,7.71,1.89,drizzle
3/17/2016,0,16.69,9.4,2.48,sun
3/18/2016,0,14.89,9.27,4.23,sun
3/19/2016,12.75,7.34,2.71,3.07,sun
3/20/2016,4.8,4.71,2.19,2.65,rain
3/21/2016,0,5.75,2.96,3.8,sun
3/22/2016,0,8.19,3.59,2.76,sun
3/23/2016,0,17.18,12.23,2.88,sun
3/24/2016,0,19.88,11.6,3,sun
3/25/2016,1.2,20.78,16.73,4.84,sun
3/26/2016,0,11.96,6.21,2.36,sun
3/27/2016,0,12.11,7.26,2.21,sun
3/28/2016,35.55,11.68,8.16,2.97,drizzle
3/29/2016,0,12.41,7.65,5.06,sun
3/30/2016,0,12.16,6.08,2.64,sun
3/31/2016,0,17.31,13.8,3.93,sun
4/1/2016,0.8,22.59,19.04,3.56,sun
4/2/2016,4.48,16.64,11.65,2.06,rain
4/3/2016,2.25,9.14,3.74,7.11,sun
4/4/2016,1.97,15.34,6.82,3.41,sun
4/5/2016,0,5.47,0.42,6,sun
4/6/2016,0,6.9,1.6,4.14,sun
4/7/2016,48.15,13.53,9.35,4.14,sun
4/8/2016,0.4,9.51,5.57,4.95,sun
4/9/2016,9.4,6.84,2.05,3.19,rain
4/10/2016,0,4.59,0.56,3.11,sun
4/11/2016,1.06,12.43,9.2,4.55,sun
4/12/2016,3.12,17.83,14.65,4,sun
4/13/2016,0,10.66,5.26,2.42,sun
4/14/2016,0,11.86,6.94,1.8,sun
4/15/2016,0,12.89,7.48,1.86,sun
4/16/2016,0,15.1,9.39,1.83,sun
4/17/2016,0,15.35,9.5,1.05,sun
4/18/2016,0,20.86,14.31,1.59,sun
4/19/2016,0,22.73,14.95,2.61,sun
4/20/2016,0,17.13,12.34,2.3,sun
4/21/2016,0,16.94,12.94,3.2,sun
4/22/2016,2.1,20.62,18.16,3.91,sun
4/23/2016,13.86,18.45,15.75,2.91,rain
4/24/2016,42.92,15.73,11.01,2,sun
4/25/2016,13.46,18.51,12.13,2.1,sun
4/26/2016,0,23.01,16.61,2.75,sun
4/27/2016,7.52,16.81,11.95,3.08,drizzle
4/28/2016,24.41,12.62,9.02,3.43,drizzle
4/29/2016,24.74,10.18,7.63,3.28,drizzle
4/30/2016,2.65,12.64,9.55,2.89,drizzle
5/1/2016,46.75,13.08,10.32,2.96,drizzle
5/2/2016,40.76,16.01,12.9,1.82,drizzle
5/3/2016,58.46,18.93,15.58,3.44,rain
5/4/2016,75.8,14.8,11.91,2.69,drizzle
5/5/2016,20.56,12.1,9.73,4.05,drizzle
5/6/2016,47.28,12.26,10.21,3.5,drizzle
5/7/2016,15.36,12.71,10.27,2.36,rain
5/8/2016,25.81,17.43,13.84,3.68,rain
5/9/2016,30.11,15.4,10.19,2.25,sun
5/10/2016,18.7,16.18,12.15,1.65,rain
5/11/2016,75.16,14.47,11.43,1.97,drizzle
5/12/2016,1.9,16.08,13.9,1.35,drizzle
5/13/2016,12.43,19.02,17.03,3.1,drizzle
5/14/2016,13.66,18.7,13.42,3.8,rain
5/15/2016,1.97,13.72,10.12,5.88,sun
5/16/2016,12.21,13.27,9.03,3.17,sun
5/17/2016,17.49,13.73,10.66,2.03,rain
5/18/2016,3.92,14.15,11.35,1.44,rain
5/19/2016,0.73,17.54,14.09,2.29,sun
5/20/2016,12.7,19.39,14.13,1.96,sun
5/21/2016,36.88,15.19,12.25,4.29,drizzle
5/22/2016,40.86,13.42,11.27,3.81,drizzle
5/23/2016,36.22,16.63,13.21,2.55,rain
5/24/2016,3.83,20.72,16.98,2.65,rain
5/25/2016,1.01,24.75,18.25,2.21,sun
5/26/2016,2.03,25.73,19.96,2.71,sun
5/27/2016,0.51,27.91,22.93,3.21,sun
5/28/2016,0.51,27.8,22.93,3.76,sun
5/29/2016,34.62,25.55,20.6,2.63,rain
5/30/2016,11.84,24.08,20.06,2,rain
5/31/2016,2.61,25.68,22.16,1.74,sun
6/1/2016,1250.7,26.96,20.9,1.59,rain
6/2/2016,0,24.18,20.13,2.04,sun
6/3/2016,73.51,24.97,20.67,2.48,drizzle
6/4/2016,3.56,24.05,21.24,2.31,sun
6/5/2016,37.95,24.89,21.7,4.19,rain
6/6/2016,6.89,25.54,21.09,2.64,sun
6/7/2016,4.46,26.71,21.26,2.56,sun
6/8/2016,9.175,21.54,16.63,4.38,sun
6/9/2016,0.25,20.35,15.78,3.75,sun
6/10/2016,0,23.15,18.41,3.42,sun
6/11/2016,2.695,26.1,21.42,2.54,sun
6/12/2016,2.29,29.38,25.56,5.42,sun
6/13/2016,0,23.1,19.42,3.33,sun
6/14/2016,0,24.05,20.4,2.08,sun
6/15/2016,7.315,22.54,17.92,1.54,sun
6/16/2016,18.695,25.34,21.59,2,rain
6/17/2016,142.935,22.84,19.94,3.71,rain
6/18/2016,0,24.43,20.39,1.04,sun
6/19/2016,7.62,25.61,20.74,1.88,sun
6/20/2016,3.8,26.88,21.63,1.92,sun
6/21/2016,57.465,26.54,22.17,3.29,rain
6/22/2016,20.6,24.72,21.33,3.21,sun
6/23/2016,79.432,24.04,20.67,1.63,rain
6/24/2016,6.01,25.74,21.63,2.07,sun
6/25/2016,7.47,25.63,21.57,3.5,sun
6/26/2016,79.25,25.12,20.16,2,sun
6/27/2016,45.42,26.05,20.97,4.11,sun
6/28/2016,86.9,26.67,21.69,2.31,rain
6/29/2016,16.93,24.17,19.86,3.14,sun
6/30/2016,57.44,23.75,18.61,1.85,sun
7/1/2016,4.03,27,21.76,2.59,sun
7/2/2016,11.79,25.01,20.11,4.16,sun
7/3/2016,3.71,22.25,17.62,1.78,sun
7/4/2016,18.56,21.51,18.1,3,drizzle
7/5/2016,77.95,25.16,22.44,3.7,drizzle
7/6/2016,2.27,29.38,25.04,1.72,sun
7/7/2016,1.26,29.59,24.72,2.88,sun
7/8/2016,32.96,30.21,24.64,3.03,sun
7/9/2016,3.82,28.47,24.25,2.48,sun
7/10/2016,3.82,27.13,22.87,3.79,sun
7/11/2016,16.76,26.25,21.14,1.76,sun
7/12/2016,19.8,26.84,21.83,2.63,sun
7/13/2016,9.955,28.23,24.21,2.63,rain
7/14/2016,0.455,28.39,27.66,2,sun
7/15/2016,16.535,27.23,27.23,1.46,sun
7/16/2016,42.455,24.01,24.01,1.38,rain
7/17/2016,0,24.56,24.56,1.75,sun
7/18/2016,4.15,25.79,25.79,1.88,sun
7/19/2016,78,21.79,21.79,1,rain
7/20/2016,58.5,23.36,23.36,0.88,rain
7/21/2016,1.78,26.2,23.1,1.48,sun
7/22/2016,1.01,29.05,24.13,3.5,sun
7/23/2016,8.89,31.65,26.43,3.79,sun
7/24/2016,5.46,30.82,24.76,2.74,sun
7/25/2016,65.77,31.24,25.97,2.41,rain
7/26/2016,41.2,30.57,25.13,1.72,sun
7/27/2016,1.52,30.76,25.64,1.04,sun
7/28/2016,23.75,29.88,24.09,2.66,sun
7/29/2016,50.74,26.27,23,2.97,rain
7/30/2016,147.15,28.63,23.12,4.03,drizzle
7/31/2016,116.89,26.25,22.14,1.85,rain
8/1/2016,4.3,27.74,23.63,2.13,sun
8/2/2016,2.5,27.24,22.56,1.91,sun
8/3/2016,9.91,25.64,22.34,2.63,sun
8/4/2016,0,24.99,21.66,2.21,sun
8/5/2016,1.47,25.33,21.9,2.13,sun
8/6/2016,30.18,27.99,24.36,2.58,sun
8/7/2016,98.05,27.16,23.38,2.13,sun
8/8/2016,4.82,25.5,21.65,0.79,sun
8/9/2016,52.34,22.71,21.51,1.83,sun
8/10/2016,5.4725,28.15,26.09,2.92,sun
8/11/2016,1.78,30.02,27.15,2.38,sun
8/12/2016,7.63,30.81,27.46,2.96,sun
8/13/2016,3.04,31.9,28.31,3.04,sun
8/14/2016,2.41,32.21,28.43,3.42,sun
8/15/2016,42.75,29.33,24.5,1.46,rain
8/16/2016,16.015,27.47,24.44,1.88,rain
8/17/2016,5.79,30.07,26,2.83,sun
8/18/2016,56.19875,26.93,24.3,1.92,rain
8/19/2016,27.66,27.66,23.99,0.88,sun
8/20/2016,8.88,27.41,23.59,1.63,sun
8/21/2016,159.01,28.02,22.56,3.7,rain
8/22/2016,6.18,25.3,20.86,4.04,sun
8/23/2016,0,24.13,19.16,1.92,sun
8/24/2016,53.59,25,20.25,2.42,sun
8/25/2016,1.51,26.74,22.68,2.79,sun
8/26/2016,3.28,30.16,25.91,2.38,sun
8/27/2016,3.04,29.57,24.48,1.88,sun
8/28/2016,0.76,27.47,22.75,1.72,sun
8/29/2016,0.25,27.78,23.53,1.67,sun
8/30/2016,7.88,28.49,22.77,1.67,sun
8/31/2016,0,27.36,22.35,1.83,sun
9/1/2016,56.49,25.39,21.33,2.38,rain
9/2/2016,4.62,23.53,19.7,2.25,sun
9/3/2016,14.22,23.81,19.24,3.04,sun
9/4/2016,11.17,24.08,19.26,3,sun
9/5/2016,1,23.72,18.67,2,sun
9/6/2016,68.06,27.65,21.36,3.88,sun
9/7/2016,21.16,28.8,21.91,2.88,sun
9/8/2016,42.14,27.92,23.88,2.76,rain
9/9/2016,0,31.18,25.79,1.92,sun
9/10/2016,0.25,30.27,25.31,1.65,sun
9/11/2016,0.76,28.07,24.53,3.83,sun
9/12/2016,0.25,24.18,18.3,2,sun
9/13/2016,0,25.79,19.57,2.75,sun
9/14/2016,2.79,27.56,22.05,2.54,sun
9/15/2016,2.79,24.48,19.64,2.21,sun
9/16/2016,0,22.47,18.11,2,sun
9/17/2016,1.01,23.85,19.94,2.17,sun
9/18/2016,0.5,25.9,21.63,3.14,sun
9/19/2016,28.575,24.79,21.41,2.12,rain
9/20/2016,1.87,22.74,20.89,2.08,sun
9/21/2016,0,23.51,21.14,2.16,sun
9/22/2016,0.15,24.33,20.22,2.17,sun
9/23/2016,28.63,24.31,19.64,1,sun
9/24/2016,7.155,22.4,18.77,2.48,sun
9/25/2016,1.06,18.77,14.63,2.08,sun
9/26/2016,2.705,18.01,14.03,2.67,sun
9/27/2016,21.83,20.75,18.17,2.21,rain
9/28/2016,8.8,18.93,15.57,2,rain
9/29/2016,50.2,20.09,17.57,3.96,rain
9/30/2016,19.03,17.73,15,7.08,rain
10/1/2016,12.1,17.68,15.49,2.52,rain
10/2/2016,2.895,19.97,17.07,0.65,rain
10/3/2016,6.695,20.48,17.51,1.22,rain
10/4/2016,25.6,18.13,14.81,2.33,sun
10/5/2016,0.655,17.33,16.28,2.57,sun
10/6/2016,1.155,15.47,15.47,1.75,sun
10/7/2016,0.39,17.4,17.4,2.5,sun
10/8/2016,27.23,18.74,18.74,2.17,rain
10/9/2016,5.82,15.81,15.81,5.43,sun
10/10/2016,0,13.41,13.41,5,sun
10/11/2016,0,11.5,11.5,2,sun
10/12/2016,0,13.01,13.01,1.5,sun
10/13/2016,0,14.83,14.83,2.21,sun
10/14/2016,0,13.21,13.21,2.65,sun
10/15/2016,0,11.82,11.82,1.3,sun
10/16/2016,0,15.22,15.22,2,sun
10/17/2016,0,19.52,19.52,1.65,sun
10/18/2016,0,21.04,21.04,2.79,sun
10/19/2016,0,23,23,1.65,sun
10/20/2016,5.005,23.22,23.22,1.86,sun
10/21/2016,8.54,21.15,21.15,3.48,sun
10/22/2016,36.985,11.76,11.76,7.52,rain
10/23/2016,0,12.8,12.8,5.71,sun
10/24/2016,0,15.13,15.13,3.83,sun
10/25/2016,0,11.18,11.18,3.83,sun
10/26/2016,0,8.44,8.44,1.92,sun
10/27/2016,0,12.62,12.62,3.38,sun
10/28/2016,3.885,13.55,13.55,4.67,sun
10/29/2016,0,11.27,11.27,1.88,sun
10/30/2016,0,19.11,19.11,3,sun
10/31/2016,2.58,12.48,12.48,3.17,sun
11/1/2016,0,10.03,8.9,1.88,sun
11/2/2016,0,17.42,12.04,1.79,sun
11/3/2016,0,20.79,13.69,2.07,sun
11/4/2016,0,17.77,12,3.54,sun
11/5/2016,0,13.54,5.87,2.5,sun
11/6/2016,0,15.75,7.21,4.38,sun
11/7/2016,0,12.33,5.12,2.42,sun
11/8/2016,0,12.5,5.04,1.5,sun
11/9/2016,0,15,9.62,2.58,rain
11/10/2016,0,12.42,7.67,4.58,sun
11/11/2016,0,14.54,6.21,4.96,sun
11/12/2016,0,9.33,3.42,3.63,sun
11/13/2016,0,9.5,0.96,1.75,sun
11/14/2016,0,10.62,1.62,1.42,sun
11/15/2016,0,12.32,8.43,1.43,sun
11/16/2016,0,13.58,5.08,2.54,sun
11/17/2016,0,12.96,5.56,3.24,sun
11/18/2016,0,13.29,5.5,1.29,sun
11/19/2016,0,14.08,5,3.08,sun
11/20/2016,0,6.79,2.42,6.21,sun
11/21/2016,0,4.96,0.46,7.33,sun
11/22/2016,0,5.25,0.54,3.92,sun
11/23/2016,0,5.79,-0.5,2,sun
11/24/2016,0,9.42,4.54,1.58,sun
11/25/2016,0,10.6,5.52,1.56,sun
11/26/2016,0,10.19,5,4.15,sun
11/27/2016,0,7.96,1.96,3.46,sun
11/28/2016,0,6.71,0.42,1.92,sun
11/29/2016,0,13.12,8.37,3.84,drizzle
11/30/2016,0,16.27,10.9,2.23,drizzle
12/1/2016,0,15.42,10.48,4,sun
12/2/2016,0,9.58,3.96,4.46,sun
12/3/2016,0,8.08,4.54,5.5,sun
12/4/2016,0,6.52,2.3,2.7,sun
12/5/2016,0,7.35,3.59,3.82,sun
12/6/2016,0,7.06,2.23,3.09,sun
12/7/2016,0,8,3.71,3.2,drizzle
12/8/2016,0,5.71,1,2.58,sun
12/9/2016,0,2.35,-2.26,6.13,sun
12/10/2016,0,1.17,-3.46,4.25,sun
12/11/2016,0,0.81,-4.15,2.96,sun
12/12/2016,0,7.44,1.56,3.88,sun
12/13/2016,0,7,1,2.96,sun
12/14/2016,0,6.46,0.67,3.25,sun
12/15/2016,0,1.17,-5.63,6.21,sun
12/16/2016,0,-5.65,-10.39,2.91,sun
12/17/2016,0,1.42,-3.64,3.09,drizzle
12/18/2016,0,13.74,4.57,5.51,drizzle
12/19/2016,0,2.4,-2.08,3.2,sun
12/20/2016,0,0.17,-4.96,1.54,sun
12/21/2016,0,3.37,-2.58,2.08,sun
12/22/2016,0,8,1.62,3.13,sun
12/23/2016,0,5.37,0.54,3.13,sun
12/24/2016,0,6.11,3.49,3.35,fog
12/25/2016,0,7.58,1.21,2.06,drizzle
12/26/2016,0,6.24,1.04,1.72,fog
12/27/2016,0,14.04,10.44,5.08,sun
12/28/2016,0,9.79,4.71,4,sun
12/29/2016,0,5.81,1.17,3,sun
12/30/2016,0,4.92,0.96,4.58,sun
12/31/2016,0,3.21,-0.92,4.33,sun
1/1/2017,0,9.21,4.54,3.21,sun
1/2/2017,0,6.85,2.83,3.24,fog
1/3/2017,0,6.95,3.98,2.67,fog
1/4/2017,0,9.08,5.37,2.71,drizzle
1/5/2017,0,2.33,-2.75,3.42,sun
1/6/2017,0,1.56,-4.24,4.12,sun
1/7/2017,0,-3.3,-7.59,5.93,sun
1/8/2017,0,-5.96,-10.29,6.46,sun
1/9/2017,0,-5.83,-10.38,3.38,sun
1/10/2017,0,-2.08,-6.67,4.25,sun
1/11/2017,0,7.73,3.08,4.54,sun
1/12/2017,0,13.5,9.43,6.77,sun
1/13/2017,0,15.38,10.35,5.58,sun
1/14/2017,0,3.71,-0.4,2.58,drizzle
1/15/2017,0,4.48,-0.09,2.27,drizzle
1/16/2017,0,5.54,-0.25,2.04,sun
1/17/2017,0,7.4,2.47,2.57,drizzle
1/18/2017,0,11.95,5.02,3.26,drizzle
1/19/2017,0,9.58,5,3.46,sun
1/20/2017,0,7,2,1.97,drizzle
1/21/2017,0,9.24,6.39,2.12,drizzle
1/22/2017,0,9.82,7.1,2.54,drizzle
1/23/2017,0,8.67,5.54,8.5,drizzle
1/24/2017,0,4.96,2.57,7.22,drizzle
1/25/2017,0,9.56,7.31,4,sun
1/26/2017,0,12.5,5.29,4.38,sun
1/27/2017,0,6.79,3.08,5.92,sun
1/28/2017,0,4.96,1.04,4.13,sun
1/29/2017,0,5.37,-0.33,2.54,sun
1/30/2017,0,2.97,-1.51,4.29,snow
1/31/2017,0,4.17,-1.04,3.88,sun
2/1/2017,0,8.37,1.17,2.63,sun
2/2/2017,0,8.08,3.08,3.08,sun
2/3/2017,0,3.71,-1.79,4.08,sun
2/4/2017,0,0.92,-4.13,4.63,sun
2/5/2017,0,5,0.25,4.08,sun
2/6/2017,0,9.46,1.67,2.75,sun
2/7/2017,0,15.64,9.36,4.68,sun
2/8/2017,0,19.54,15.08,4.42,sun
2/9/2017,0,7,1.66,7.63,rain
2/10/2017,0,-1,-4.04,5.96,sun
2/11/2017,0,6.71,2.83,3.33,sun
2/12/2017,0,10.76,5.44,2.56,sun
2/13/2017,0,8.36,3.23,8.59,sun
2/14/2017,0,2.02,2.02,2.47,sun
2/15/2017,0,5.3,5.3,3.13,sun
2/16/2017,0,1.29,1.29,5.75,sun
2/17/2017,0,0.51,0.51,2.42,sun
2/18/2017,0,5.46,5.46,1.46,sun
2/19/2017,0,13.11,13.11,3,sun
2/20/2017,0,10.41,10.41,2.79,sun
2/21/2017,0,9.52,7.47,3.06,sun
2/22/2017,0,11.83,8.33,2.58,sun
2/23/2017,0,16.79,11.52,3.55,sun
2/24/2017,0,19.37,14.04,4.38,sun
2/25/2017,0,19.34,13.16,5.38,sun
2/26/2017,0,7.87,3.37,5.88,sun
2/27/2017,0,7.17,1.46,2.29,sun
2/28/2017,0,14.15,8.62,2.08,sun
3/1/2017,0,16.97,13.13,4.95,drizzle
3/2/2017,0,13.08,9.04,7.67,sun
3/3/2017,0,5.04,0.76,5.68,sun
3/4/2017,0,2,-2.54,4.54,sun
3/5/2017,0,0.71,-3.71,3.13,sun
3/6/2017,0,5.73,1.42,2.31,sun
3/7/2017,0,13.59,7.44,3.75,sun
3/8/2017,0,15.79,11.79,5.55,sun
3/9/2017,0,17.33,12.37,3.75,sun
3/10/2017,0,8.92,3.11,4.33,sun
3/11/2017,0,2,-3.08,6,sun
3/12/2017,0,1.54,-2.88,3.92,sun
3/13/2017,0,2.56,-2.56,3.6,sun
3/14/2017,0,1.82,-1.63,5.59,snow
3/15/2017,0,-1.38,-5.04,9.79,sun
3/16/2017,0,1.46,-2.38,6.58,sun
3/17/2017,0,4.71,-0.33,2.79,sun
3/18/2017,0,7.88,3.39,2.39,rain
3/19/2017,0,6.3,1.96,4.35,fog
3/20/2017,0,8.58,4.12,2.75,sun
3/21/2017,0,11.45,7.76,2.03,sun
3/22/2017,0,11.08,5.83,5.71,sun
3/23/2017,0,4.12,-0.33,3.33,sun
3/24/2017,0,7.44,3.7,5.37,sun
3/25/2017,0,20.25,15.25,3.5,sun
3/26/2017,0,13.67,9.3,5.04,sun
3/27/2017,0,11.19,7.69,2.62,drizzle
3/28/2017,0,18.48,12.45,2.57,rain
3/29/2017,0,17.41,13.45,4.07,sun
3/30/2017,0,12.21,6.67,3.75,sun
3/31/2017,0,9.98,6,3.98,rain
4/1/2017,0,10.92,7.2,4.38,drizzle
4/2/2017,0,12.62,9,4.54,sun
4/3/2017,0,15.54,9.83,3.79,sun
4/4/2017,0,19.12,15.56,4.84,drizzle
4/5/2017,0,21.33,14.67,3.04,sun
4/6/2017,0,16.1,10.37,3.04,rain
4/7/2017,0,10.26,5.74,7.04,sun
4/8/2017,0,10.62,6.04,4.83,sun
4/9/2017,0,14.75,8.54,2.63,sun
4/10/2017,0,19.46,13.92,3.13,sun
4/11/2017,0,23.75,19.37,3.96,sun
4/12/2017,0,22.75,17.92,3.46,sun
4/13/2017,0,20.65,15.35,2.94,sun
4/14/2017,0,17.5,11.58,1.96,sun
4/15/2017,0,18.5,13.92,2.29,sun
4/16/2017,0,24.77,19.88,4.23,sun
4/17/2017,0,22.38,16.65,3.59,rain
4/18/2017,0,19.08,13.25,2.75,sun
4/19/2017,0,14.85,10.81,3.08,sun
4/20/2017,0,20,15.96,2.88,sun
4/21/2017,0,22.09,16.37,2.26,drizzle
4/22/2017,0,16.92,12.92,4.36,drizzle
4/23/2017,0,13.11,8.89,3.29,sun
4/24/2017,0,14.19,10.23,3.58,drizzle
4/25/2017,0,14.59,11.32,6.16,drizzle
4/26/2017,0,16.84,13.7,3.52,drizzle
4/27/2017,0,20,15.5,2.16,drizzle
4/28/2017,0,24.31,20.23,3.12,sun
4/29/2017,0,26.1,21.38,3.21,sun
4/30/2017,0,27.04,21.12,3.54,sun
5/1/2017,0,25.45,19,4.48,drizzle
5/2/2017,0,24.24,19.72,5.8,sun
5/3/2017,0,19,12.83,5.21,sun
5/4/2017,0,16.17,10.92,4.17,sun
5/5/2017,0,18.23,13.74,5.21,rain
5/6/2017,0,16.28,13.25,4.83,rain
5/7/2017,0,13.2,10.04,4.52,sun
5/8/2017,0,13.79,9.42,4.13,sun
5/9/2017,0,14.17,8.62,2.88,sun
5/10/2017,0,16.87,10.92,2.04,sun
5/11/2017,0,14.93,11.15,3.8,drizzle
5/12/2017,0,12.95,10.16,3.24,drizzle
5/13/2017,0,12,9.1,4.67,drizzle
5/14/2017,0,15.44,10.97,3.66,sun
5/15/2017,0,19.87,14.83,6.38,sun
5/16/2017,0,20.83,15.21,2.71,sun
5/17/2017,0,25.75,20.46,3.17,sun
5/18/2017,0,29.12,24.67,4.17,sun
5/19/2017,0,28.55,21.97,4.72,sun
5/20/2017,0,23.38,17.94,3.56,sun
5/21/2017,0,18,14.67,3.42,sun
5/22/2017,0,17.64,14.51,2.13,drizzle
5/23/2017,0,18.6,14.54,2.66,drizzle
5/24/2017,0,16.84,14.07,3.11,drizzle
5/25/2017,0,17.67,13.55,4.55,drizzle
5/26/2017,0,19.03,14.85,4.09,sun
5/27/2017,0,21,15.22,1.96,sun
5/28/2017,0,20.7,15.84,2.41,drizzle
5/29/2017,0,20.96,16.85,2.56,drizzle
5/30/2017,0,20.94,15.55,3.29,drizzle
5/31/2017,0,21.89,17.83,3.02,drizzle
6/1/2017,0,22.29,17.16,2.84,sun
6/2/2017,0,23.67,17.42,3.42,sun
6/3/2017,0,23.75,16.83,3.79,sun
6/4/2017,0,24.25,18.75,3.21,sun
6/5/2017,0,24.21,18.91,3.79,sun
6/6/2017,0,22.44,18.11,3.74,sun
6/7/2017,0,19.63,13.34,4.03,sun
6/8/2017,0,18.07,12.9,2.76,sun
6/9/2017,0,22,17.08,3,sun
6/10/2017,0,25.5,19.46,2.96,sun
6/11/2017,0,28.75,22.92,3.29,sun
6/12/2017,0,29.6,23.76,2.68,sun
6/13/2017,0,30.29,24.62,2.96,sun
6/14/2017,0,30.04,25,3.38,sun
6/15/2017,0,27.08,22.67,3.33,sun
6/16/2017,0,25.16,21.68,2,sun
6/17/2017,0,26.19,22.42,3,drizzle
6/18/2017,0,28.67,25.5,5.25,sun
6/19/2017,0,28.75,23.91,6.09,rain
6/20/2017,0,25.85,22.11,3.41,sun
6/21/2017,0,27.78,22.14,3.6,sun
6/22/2017,0,28.78,22.57,2.74,sun
6/23/2017,0,27.86,23.79,5.14,sun
6/24/2017,0,29,23.73,5.7,rain
6/25/2017,0,26.87,21.25,3.17,sun
6/26/2017,0,25.37,18.37,3.63,sun
6/27/2017,0,24.62,18.83,3.46,sun
6/28/2017,0,22.67,17.58,2.96,sun
6/29/2017,0,26,20.83,4.5,sun
6/30/2017,0,29.29,25.75,5.43,sun
7/1/2017,0,30.48,24.41,4.37,sun
7/2/2017,0,29.7,25.1,2.55,sun
7/3/2017,0,28.82,23.11,2.21,sun
7/4/2017,0,29.63,23.15,1.93,sun
7/5/2017,0,27.23,21.98,3.29,rain
7/6/2017,0,25.71,21.38,2.8,drizzle
7/7/2017,0,26.05,22.66,3.23,drizzle
7/8/2017,0,27.83,22.25,3.25,sun
7/9/2017,0,26.12,20.17,3.38,sun
7/10/2017,0,27.14,21.23,2.86,sun
7/11/2017,0,29.56,24.4,3.84,sun
7/12/2017,0,30.52,24.32,2.24,sun
7/13/2017,0,31.16,25.84,2.32,sun
7/14/2017,0,30.52,24.48,3.42,rain
7/15/2017,0,27.42,23.92,2.96,sun
7/16/2017,0,27.46,22.12,2.04,sun
7/17/2017,0,28.77,23.42,2.73,sun
7/18/2017,0,29.58,23.77,2.88,sun
7/19/2017,0,30.04,25.12,2.08,sun
7/20/2017,0,31.87,26.83,2.5,sun
7/21/2017,0,32.04,26.67,2.54,sun
7/22/2017,0,30.91,23.82,3.85,sun
7/23/2017,0,27.82,22.88,3.04,rain
7/24/2017,0,28.49,23.8,2.69,rain
7/25/2017,0,26.96,22.74,2.7,sun
7/26/2017,0,25.23,19.92,2.23,sun
7/27/2017,0,26.58,23.33,2,sun
7/28/2017,0,26.74,22.15,1.32,drizzle
7/29/2017,0,23.33,19.83,3.6,rain
7/30/2017,0,23.83,19.46,2.92,sun
7/31/2017,0,25.42,20.29,1,sun
8/1/2017,0,28,22.41,1.56,sun
8/2/2017,0,28.3,22.44,1.22,sun
8/3/2017,0,27.73,22.2,1.83,sun
8/4/2017,0,27.71,21.68,2.56,drizzle
8/5/2017,0,26.84,22.72,3.56,sun
8/6/2017,0,24.33,18.46,1.75,sun
8/7/2017,0,23.19,20.29,2.21,rain
8/8/2017,0,22.97,20.23,2.28,drizzle
8/9/2017,0,24.12,19.28,1.2,sun
8/10/2017,0,24.78,18.63,1.15,sun
8/11/2017,0,25.71,21.46,2.21,sun
8/12/2017,0,24.61,21.46,1.98,drizzle
8/13/2017,0,24.94,21.59,2.74,sun
8/14/2017,0,25,19.88,1.88,drizzle
8/15/2017,0,25.5,21.25,1.66,drizzle
8/16/2017,0,26.13,22.16,1.76,sun
8/17/2017,0,28.82,23.09,2.85,drizzle
8/18/2017,0,29.03,25.28,4.44,sun
8/19/2017,0,28.18,25.04,3.07,sun
8/20/2017,0,26.44,21.89,2.74,sun
8/21/2017,0,27.93,22.86,3,sun
8/22/2017,0,28.23,23.83,3.73,sun
8/23/2017,0,28.32,24.6,3.16,sun
8/24/2017,0,25.17,20.37,1.79,sun
8/25/2017,0,23.3,18.59,1.93,sun
8/26/2017,0,23.56,18.36,1.36,sun
8/27/2017,0,23.21,18,1.83,sun
8/28/2017,0,22.54,16.75,2.67,sun
8/29/2017,0,20.39,17.29,3.05,rain
8/30/2017,0,20.42,17.58,2.21,sun
8/31/2017,0,24.23,19.81,1.88,sun
9/1/2017,0,21.08,17.17,2.08,sun
9/2/2017,0,17.18,13.8,2.26,drizzle
9/3/2017,0,19.59,16.71,2,drizzle
9/4/2017,0,23.42,17.87,2.46,sun
9/5/2017,0,26.04,21.52,2.81,sun
9/6/2017,0,20.77,17.34,1.89,drizzle
9/7/2017,0,18.22,15.61,2.83,drizzle
9/8/2017,0,19.92,14.16,2.6,sun
9/9/2017,0,19.56,14.12,2.84,sun
9/10/2017,0,18.42,13.21,2.29,sun
9/11/2017,0,19.33,12.67,2,sun
9/12/2017,0,21.12,16.54,1.21,sun
9/13/2017,0,22.31,18,0.93,drizzle
9/14/2017,0,24.2,19.67,1.93,sun
9/15/2017,0,24.07,19.71,1.07,sun
9/16/2017,0,23.86,19.03,0.93,sun
9/17/2017,0,24.15,18.91,0.97,sun
9/18/2017,0,24.36,19.22,1.58,drizzle
9/19/2017,0,24.37,20.83,2.75,sun
9/20/2017,0,26.75,20.67,2.25,sun
9/21/2017,0,25.33,18.29,1.58,sun
9/22/2017,0,25.75,20.04,1.5,sun
9/23/2017,0,24.73,18.4,1.87,sun
9/24/2017,0,26.54,19.58,1.67,sun
9/25/2017,0,26.33,19.87,0.87,sun
9/26/2017,0,26.04,20.23,2.04,sun
9/27/2017,0,27.67,23.04,2.21,sun
9/28/2017,0,27.04,21.52,4.04,sun
9/29/2017,0,20.62,15.25,2,sun
9/30/2017,0,19.12,13.96,3.13,sun
10/1/2017,0,16.5,10.75,2.29,sun
10/2/2017,0,17.64,10.36,0.84,sun
10/3/2017,0,18.46,11.64,1.5,sun
10/4/2017,0,19.45,11.38,1.41,sun
10/5/2017,0,22.25,15.04,2.21,sun
10/6/2017,0,24.25,18.42,1.21,sun
10/7/2017,0,24.72,18.56,2.16,sun
10/8/2017,0,25.62,23.62,2.72,rain
10/9/2017,0,25.62,23.56,3.79,rain
10/10/2017,0,25.94,21.44,1.22,sun
10/11/2017,0,23.82,21.14,2.35,drizzle
10/12/2017,0,19.91,16.85,3.23,drizzle
10/13/2017,0,17.72,14.79,2.31,sun
10/14/2017,0.29,18.62,16.25,1.78,drizzle
10/15/2017,0,20.41,17.46,2,drizzle
10/16/2017,0,19.58,16.58,3.45,sun
10/17/2017,0,13.96,7.83,1.92,sun
10/18/2017,0,14.87,8.04,1.21,sun
10/19/2017,0,16.72,9,1.84,sun
10/20/2017,0,19.36,11.88,2.4,sun
10/21/2017,0,17.96,10.85,1.12,sun
10/22/2017,0,18.62,12.17,1.38,sun
10/23/2017,0,19.57,14.73,2.33,sun
10/24/2017,0,21.94,17.56,3.88,sun
10/25/2017,0,17.04,11.87,2.13,sun
10/26/2017,0,13.46,9.62,3.17,sun
10/27/2017,0,13.12,6.58,1.63,sun
10/28/2017,0,17.46,11.29,2.67,sun
10/29/2017,0,18.61,14.63,2.61,drizzle
10/30/2017,0,10.5,7.72,4.36,sun
10/31/2017,0,12.92,7.58,2.17,sun
11/1/2017,0,12.17,5.75,2.25,sun
11/2/2017,0,18.08,11.12,2.19,sun
11/3/2017,0,19.3,12.97,2.17,sun
11/4/2017,0,15,10.62,2.35,sun
11/5/2017,0,13.94,10.68,2.32,drizzle
11/6/2017,0,18.6,15.84,3.24,sun
11/7/2017,0,10.51,6.76,2.81,sun
11/8/2017,0,7.26,4.03,2.41,drizzle
11/9/2017,0,9.93,6.37,1.49,drizzle
11/10/2017,0,9.68,5.53,2.84,drizzle
11/11/2017,0,0.96,-2,1.83,sun
11/12/2017,0,3.62,-0.54,1.04,sun
11/13/2017,0,7.1,4.07,1.17,sun
11/14/2017,0,7.73,2.27,2.41,sun
11/15/2017,0,8.2,3,1.8,sun
11/16/2017,0,11.76,7.72,2.62,sun
11/17/2017,0,9.21,6.12,2.83,sun
11/18/2017,0,8.96,3.08,2.88,sun
11/19/2017,0,13.89,10.81,5.48,sun
11/20/2017,0,7.62,4.75,2.96,sun
11/21/2017,0,11.08,3.96,2.83,sun
11/22/2017,0,13,8.84,3.76,sun
11/23/2017,0,4.79,0.12,2.17,sun
11/24/2017,0,5.29,0.21,1.58,sun
11/25/2017,0,9.92,2.83,2.5,sun
11/26/2017,0,11.5,6.54,3.54,sun
11/27/2017,0,10.17,3.33,2.46,sun
11/28/2017,0,10.12,3.79,1.54,sun
11/29/2017,0,13.87,6.25,2.96,sun
11/30/2017,0,11,3.87,1.92,sun
12/1/2017,0,11.28,6.17,2,sun
12/2/2017,0,7.08,0.54,1.21,sun
12/3/2017,0,8.66,3.77,1.17,drizzle
12/4/2017,0,7.4,1.6,1.43,drizzle
12/5/2017,0,10.83,5.21,2.33,drizzle
12/6/2017,0,11.94,8.26,3.79,sun
12/7/2017,0,7.5,2.37,2.17,sun
12/8/2017,0,5.08,0.67,1.75,sun
12/9/2017,0,1.74,-0.17,1.65,drizzle
12/10/2017,0,1.53,-1.65,2.35,sun
12/11/2017,0,5.17,1.37,1.33,sun
12/12/2017,0,6.96,3.2,3.64,sun
12/13/2017,0,-1.17,-4.21,6.5,sun
12/14/2017,0,4.21,0.12,3,sun
12/15/2017,0,-0.1,-3.43,1.67,sun
12/16/2017,0,2.08,-2.88,2.33,sun
12/17/2017,0,5,-1.13,1.13,sun
12/18/2017,0,8.43,3.4,1.4,drizzle
12/19/2017,0,11.79,5.67,1.92,sun
12/20/2017,0,11.87,5.42,2.71,sun
12/21/2017,0,4.96,-1.5,2,sun
12/22/2017,0,6.79,1.58,2.04,sun
12/23/2017,0,13.15,7.6,3.03,rain
12/24/2017,0,8.73,4.81,3.58,sun
12/25/2017,0,3.84,1.12,3.13,sun
12/26/2017,0,0.67,-1.92,3.04,sun
12/27/2017,0,0.46,-3.33,2.58,sun
12/28/2017,0,-5.75,-8.29,3,sun
12/29/2017,0,-4.17,-8.29,1.5,sun
12/30/2017,0,-2.87,-5.87,2.53,sun
12/31/2017,0,-4.83,-7.5,3.63,sun
1/1/2018,0,-6.79,-11.75,2.5,sun
1/2/2018,0,-6.88,-10.33,3.25,sun
1/3/2018,0,-4.17,-11.29,1.54,sun
1/4/2018,0,-2.31,-4.69,7.1,snow
1/5/2018,0,-7.38,-10.33,6.33,sun
1/6/2018,0,-8.75,-12.54,3.71,sun
1/7/2018,0,-8.58,-12.46,2.5,sun
1/8/2018,0,-1.89,-5.93,1.54,sun
1/9/2018,0,4.59,-0.87,2.56,drizzle
1/10/2018,0,3,-2.26,1.59,sun
1/11/2018,0,8.7,3.85,1.37,sun
1/12/2018,0,18.68,12.34,4.76,drizzle
1/13/2018,0,13.42,8,5.06,drizzle
1/14/2018,0,-4.25,-7.17,3.46,sun
1/15/2018,0,-3.88,-8,1.75,sun
1/16/2018,0,0.4,-2.86,0.97,sun
1/17/2018,0,0.25,-2.9,3.48,drizzle
1/18/2018,0,-1.35,-5.43,3.87,sun
1/19/2018,0,5.46,-2.54,2.13,sun
1/20/2018,0,7.46,0.08,1.96,sun
1/21/2018,0,10.71,1.54,1.54,sun
1/22/2018,0,14.37,7,2.25,sun
1/23/2018,0,16.53,9.59,3.94,rain
1/24/2018,0,8.58,4.08,3.88,sun
1/25/2018,0,3.75,0.21,3.42,sun
1/26/2018,0,2.71,-2.92,1.42,sun
1/27/2018,0,8.83,2.17,3.63,sun
1/28/2018,0,12.56,8.91,2.39,drizzle
1/29/2018,0,9.22,6,3.2,drizzle
1/30/2018,0,3.75,-0.47,5.91,sun
1/31/2018,0,-1.61,-4.96,4.78,sun
2/1/2018,0,6.83,3.42,4.75,sun
2/2/2018,0,5.19,1.13,5.48,sun
2/3/2018,0,-3.58,-7.33,4.04,sun
2/4/2018,0,1.56,-0.51,3.47,sun
2/5/2018,0,2.25,-0.81,3.53,drizzle
2/6/2018,0,1.37,-3.08,2,sun
2/7/2018,0,1.91,-0.75,2.23,drizzle
2/8/2018,0,2.41,-0.78,4.04,sun
2/9/2018,0,1.52,-3.04,1.72,sun
2/10/2018,0,7.46,3.41,1.93,drizzle
2/11/2018,0,13.71,6.59,2.22,drizzle
2/12/2018,0,13.64,8.85,3.67,rain
2/13/2018,0,4.29,-0.25,2.54,sun
2/14/2018,0,5.58,1.87,1.71,sun
2/15/2018,0,14.53,7.97,3.33,drizzle
2/16/2018,0,18.54,13.3,3.24,rain
2/17/2018,0,4.56,1.14,2.81,sun
2/18/2018,0,3.83,0.86,1.74,drizzle
2/19/2018,0,6.78,3.54,2.41,fog
2/20/2018,0,14.3,10.24,3.09,drizzle
2/21/2018,0,21.28,16.92,2.8,sun
2/22/2018,0,15.69,10.11,2.86,sun
2/23/2018,0,7.17,4.17,2.53,drizzle
2/24/2018,0,11.08,7.05,1.93,drizzle
2/25/2018,0,10.37,7.56,2.3,drizzle
2/26/2018,0,11.17,7.83,2.53,drizzle
2/27/2018,0,9.29,3.15,1.75,sun
2/28/2018,0,11.58,7.12,2.96,sun
3/1/2018,0,12.21,9,1.46,sun
3/2/2018,0,9.41,5.76,7.3,rain
3/3/2018,0,6.92,4.08,6.96,sun
3/4/2018,0,6.96,3.71,4.58,sun
3/5/2018,0,5.37,2.37,3.5,sun
3/6/2018,0,5.08,-0.52,2.24,sun
3/7/2018,0,3.94,0.89,3.02,drizzle
3/8/2018,0,5.29,1.71,4.58,sun
3/9/2018,0,4.21,0.54,5.21,sun
3/10/2018,0,4.62,-0.33,3.79,sun
3/11/2018,0,5.92,0.25,2.75,sun
3/12/2018,0,4.8,0.56,3.4,sun
3/13/2018,0,4.38,1.06,7.15,sun
3/14/2018,0,4.2,-0.32,6.36,sun
3/15/2018,0,6,2.29,5.83,sun
3/16/2018,0,5.84,0.68,5.88,sun
3/17/2018,0,5.07,-0.04,2.74,sun
3/18/2018,0,8,2.48,2.96,sun
3/19/2018,0,14,8,2,sun
