{"gridData": {"@context": ["https://raw.githubusercontent.com/geojson/geojson-ld/master/contexts/geojson-base.jsonld", {"wx": "https://api.weather.gov/ontology#", "s": "https://schema.org/", "geo": "http://www.opengis.net/ont/geosparql#", "unit": "http://codes.wmo.int/common/unit/", "@vocab": "https://api.weather.gov/ontology#", "geometry": {"@id": "s:GeoCoordinates", "@type": "geo:wktLiteral"}, "city": "s:addressLocality", "state": "s:addressRegion", "distance": {"@id": "s:Distance", "@type": "s:QuantitativeValue"}, "bearing": {"@type": "s:QuantitativeValue"}, "value": {"@id": "s:value"}, "uom": {"@id": "s:unitCode", "@type": "@id"}, "forecastOffice": {"@type": "@id"}, "forecastGridData": {"@type": "@id"}, "publicZone": {"@type": "@id"}, "county": {"@type": "@id"}}], "id": "https://api.weather.gov/gridpoints/LWX/91,71", "type": "Feature", "geometry": {"type": "Polygon", "coordinates": [[[-77.174296814847, 38.937304937984], [-77.178027353617, 38.91535736126], [-77.149810974653, 38.912452185863], [-77.146074666646, 38.934399452257], [-77.174296814847, 38.937304937984]]]}, "properties": {"@id": "https://api.weather.gov/gridpoints/LWX/91,71", "@type": "wx:Gridpoint", "updateTime": "2018-03-14T23:28:11+00:00", "validTimes": "2018-03-14T17:00:00+00:00/P7DT8H", "elevation": {"value": 91.1352, "unitCode": "unit:m"}, "forecastOffice": "https://api.weather.gov/offices/LWX", "gridId": "LWX", "gridX": "91", "gridY": "71", "temperature": {"sourceUnit": "F", "uom": "unit:degC", "values": [{"validTime": "2018-03-14T17:00:00+00:00/PT1H", "value": 3.8888888888889}, {"validTime": "2018-03-14T18:00:00+00:00/PT1H", "value": 5}, {"validTime": "2018-03-14T19:00:00+00:00/PT1H", "value": 4.4444444444445}, {"validTime": "2018-03-14T20:00:00+00:00/PT1H", "value": 5}, {"validTime": "2018-03-14T21:00:00+00:00/PT1H", "value": 3.8888888888889}, {"validTime": "2018-03-14T22:00:00+00:00/PT1H", "value": 2.7777777777778}, {"validTime": "2018-03-14T23:00:00+00:00/PT2H", "value": 2.2222222222222}, {"validTime": "2018-03-15T01:00:00+00:00/PT1H", "value": 1.6666666666667}, {"validTime": "2018-03-15T02:00:00+00:00/PT2H", "value": 1.1111111111111}, {"validTime": "2018-03-15T04:00:00+00:00/PT1H", "value": 0.55555555555554}, {"validTime": "2018-03-15T05:00:00+00:00/PT1H", "value": 0}, {"validTime": "2018-03-15T06:00:00+00:00/PT1H", "value": -0.55555555555554}, {"validTime": "2018-03-15T07:00:00+00:00/PT4H", "value": -1.6666666666666}, {"validTime": "2018-03-15T11:00:00+00:00/PT1H", "value": -2.2222222222222}, {"validTime": "2018-03-15T12:00:00+00:00/PT1H", "value": -1.6666666666666}, {"validTime": "2018-03-15T13:00:00+00:00/PT1H", "value": 0}, {"validTime": "2018-03-15T14:00:00+00:00/PT1H", "value": 2.2222222222222}, {"validTime": "2018-03-15T15:00:00+00:00/PT1H", "value": 5}, {"validTime": "2018-03-15T16:00:00+00:00/PT1H", "value": 7.2222222222222}, {"validTime": "2018-03-15T17:00:00+00:00/PT1H", "value": 8.8888888888889}, {"validTime": "2018-03-15T18:00:00+00:00/PT1H", "value": 10}, {"validTime": "2018-03-15T19:00:00+00:00/PT2H", "value": 10.555555555556}, {"validTime": "2018-03-15T21:00:00+00:00/PT1H", "value": 9.4444444444445}, {"validTime": "2018-03-15T22:00:00+00:00/PT1H", "value": 8.3333333333334}, {"validTime": "2018-03-15T23:00:00+00:00/PT1H", "value": 7.2222222222222}, {"validTime": "2018-03-16T00:00:00+00:00/PT1H", "value": 6.1111111111111}, {"validTime": "2018-03-16T01:00:00+00:00/PT1H", "value": 5}, {"validTime": "2018-03-16T02:00:00+00:00/PT1H", "value": 3.8888888888889}, {"validTime": "2018-03-16T03:00:00+00:00/PT1H", "value": 2.7777777777778}, {"validTime": "2018-03-16T04:00:00+00:00/PT1H", "value": 2.2222222222222}, {"validTime": "2018-03-16T05:00:00+00:00/PT1H", "value": 1.6666666666667}, {"validTime": "2018-03-16T06:00:00+00:00/PT1H", "value": 1.1111111111111}, {"validTime": "2018-03-16T07:00:00+00:00/PT1H", "value": 0.55555555555554}, {"validTime": "2018-03-16T08:00:00+00:00/PT2H", "value": 0}, {"validTime": "2018-03-16T10:00:00+00:00/PT2H", "value": -0.55555555555554}, {"validTime": "2018-03-16T12:00:00+00:00/PT1H", "value": 0}, {"validTime": "2018-03-16T13:00:00+00:00/PT1H", "value": 1.1111111111111}, {"validTime": "2018-03-16T14:00:00+00:00/PT1H", "value": 2.7777777777778}, {"validTime": "2018-03-16T15:00:00+00:00/PT1H", "value": 4.4444444444445}, {"validTime": "2018-03-16T16:00:00+00:00/PT1H", "value": 5.5555555555555}, {"validTime": "2018-03-16T17:00:00+00:00/PT1H", "value": 6.6666666666667}, {"validTime": "2018-03-16T18:00:00+00:00/PT1H", "value": 7.2222222222222}, {"validTime": "2018-03-16T19:00:00+00:00/PT2H", "value": 7.7777777777778}, {"validTime": "2018-03-16T21:00:00+00:00/PT1H", "value": 7.2222222222222}, {"validTime": "2018-03-16T22:00:00+00:00/PT1H", "value": 6.1111111111111}, {"validTime": "2018-03-16T23:00:00+00:00/PT1H", "value": 5}, {"validTime": "2018-03-17T00:00:00+00:00/PT1H", "value": 3.8888888888889}, {"validTime": "2018-03-17T01:00:00+00:00/PT1H", "value": 2.2222222222222}, {"validTime": "2018-03-17T02:00:00+00:00/PT1H", "value": 1.6666666666667}, {"validTime": "2018-03-17T03:00:00+00:00/PT2H", "value": 0.55555555555554}, {"validTime": "2018-03-17T05:00:00+00:00/PT1H", "value": 0}, {"validTime": "2018-03-17T06:00:00+00:00/PT2H", "value": -0.55555555555554}, {"validTime": "2018-03-17T08:00:00+00:00/PT1H", "value": -1.1111111111111}, {"validTime": "2018-03-17T09:00:00+00:00/PT2H", "value": -1.6666666666666}, {"validTime": "2018-03-17T11:00:00+00:00/PT1H", "value": -2.2222222222222}, {"validTime": "2018-03-17T12:00:00+00:00/PT1H", "value": -1.6666666666666}, {"validTime": "2018-03-17T13:00:00+00:00/PT1H", "value": 0.55555555555554}, {"validTime": "2018-03-17T14:00:00+00:00/PT1H", "value": 2.7777777777778}, {"validTime": "2018-03-17T15:00:00+00:00/PT1H", "value": 4.4444444444445}, {"validTime": "2018-03-17T16:00:00+00:00/PT1H", "value": 5.5555555555555}, {"validTime": "2018-03-17T17:00:00+00:00/PT1H", "value": 7.2222222222222}, {"validTime": "2018-03-17T18:00:00+00:00/PT1H", "value": 7.7777777777778}, {"validTime": "2018-03-17T19:00:00+00:00/PT1H", "value": 8.3333333333334}, {"validTime": "2018-03-17T20:00:00+00:00/PT1H", "value": 8.8888888888889}, {"validTime": "2018-03-17T21:00:00+00:00/PT1H", "value": 8.3333333333334}, {"validTime": "2018-03-17T22:00:00+00:00/PT1H", "value": 7.7777777777778}, {"validTime": "2018-03-17T23:00:00+00:00/PT1H", "value": 6.6666666666667}, {"validTime": "2018-03-18T00:00:00+00:00/PT1H", "value": 5.5555555555555}, {"validTime": "2018-03-18T01:00:00+00:00/PT1H", "value": 4.4444444444445}, {"validTime": "2018-03-18T02:00:00+00:00/PT1H", "value": 3.8888888888889}, {"validTime": "2018-03-18T03:00:00+00:00/PT1H", "value": 3.3333333333334}, {"validTime": "2018-03-18T04:00:00+00:00/PT1H", "value": 2.7777777777778}, {"validTime": "2018-03-18T05:00:00+00:00/PT1H", "value": 2.2222222222222}, {"validTime": "2018-03-18T06:00:00+00:00/PT1H", "value": 1.6666666666667}, {"validTime": "2018-03-18T07:00:00+00:00/PT2H", "value": 1.1111111111111}, {"validTime": "2018-03-18T09:00:00+00:00/PT4H", "value": 0.55555555555554}, {"validTime": "2018-03-18T13:00:00+00:00/PT1H", "value": 2.7777777777778}, {"validTime": "2018-03-18T14:00:00+00:00/PT1H", "value": 4.4444444444445}, {"validTime": "2018-03-18T15:00:00+00:00/PT1H", "value": 6.1111111111111}, {"validTime": "2018-03-18T16:00:00+00:00/PT1H", "value": 7.7777777777778}, {"validTime": "2018-03-18T17:00:00+00:00/PT1H", "value": 8.8888888888889}, {"validTime": "2018-03-18T18:00:00+00:00/PT1H", "value": 9.4444444444445}, {"validTime": "2018-03-18T19:00:00+00:00/PT1H", "value": 10}, {"validTime": "2018-03-18T20:00:00+00:00/PT1H", "value": 10.555555555556}, {"validTime": "2018-03-18T21:00:00+00:00/PT1H", "value": 10}, {"validTime": "2018-03-18T22:00:00+00:00/PT1H", "value": 9.4444444444445}, {"validTime": "2018-03-18T23:00:00+00:00/PT1H", "value": 7.7777777777778}, {"validTime": "2018-03-19T00:00:00+00:00/PT1H", "value": 6.6666666666667}, {"validTime": "2018-03-19T01:00:00+00:00/PT1H", "value": 5.5555555555555}, {"validTime": "2018-03-19T02:00:00+00:00/PT1H", "value": 5}, {"validTime": "2018-03-19T03:00:00+00:00/PT1H", "value": 4.4444444444445}, {"validTime": "2018-03-19T04:00:00+00:00/PT1H", "value": 3.8888888888889}, {"validTime": "2018-03-19T05:00:00+00:00/PT1H", "value": 3.3333333333334}, {"validTime": "2018-03-19T06:00:00+00:00/PT1H", "value": 2.7777777777778}, {"validTime": "2018-03-19T07:00:00+00:00/PT2H", "value": 2.2222222222222}, {"validTime": "2018-03-19T09:00:00+00:00/PT2H", "value": 1.6666666666667}, {"validTime": "2018-03-19T11:00:00+00:00/PT1H", "value": 1.1111111111111}, {"validTime": "2018-03-19T12:00:00+00:00/PT1H", "value": 1.6666666666667}, {"validTime": "2018-03-19T13:00:00+00:00/PT1H", "value": 3.3333333333334}, {"validTime": "2018-03-19T14:00:00+00:00/PT1H", "value": 5}, {"validTime": "2018-03-19T15:00:00+00:00/PT1H", "value": 6.1111111111111}, {"validTime": "2018-03-19T16:00:00+00:00/PT1H", "value": 7.2222222222222}, {"validTime": "2018-03-19T17:00:00+00:00/PT1H", "value": 8.3333333333334}, {"validTime": "2018-03-19T18:00:00+00:00/PT2H", "value": 9.4444444444445}, {"validTime": "2018-03-19T20:00:00+00:00/PT2H", "value": 10}, {"validTime": "2018-03-19T22:00:00+00:00/PT1H", "value": 9.4444444444445}, {"validTime": "2018-03-19T23:00:00+00:00/PT1H", "value": 8.3333333333334}, {"validTime": "2018-03-20T00:00:00+00:00/PT1H", "value": 7.7777777777778}, {"validTime": "2018-03-20T01:00:00+00:00/PT1H", "value": 6.6666666666667}, {"validTime": "2018-03-20T02:00:00+00:00/PT2H", "value": 6.1111111111111}, {"validTime": "2018-03-20T04:00:00+00:00/PT1H", "value": 5.5555555555555}, {"validTime": "2018-03-20T05:00:00+00:00/PT2H", "value": 5}, {"validTime": "2018-03-20T07:00:00+00:00/PT2H", "value": 4.4444444444445}, {"validTime": "2018-03-20T09:00:00+00:00/PT2H", "value": 3.8888888888889}, {"validTime": "2018-03-20T11:00:00+00:00/PT1H", "value": 3.3333333333334}, {"validTime": "2018-03-20T12:00:00+00:00/PT1H", "value": 3.8888888888889}, {"validTime": "2018-03-20T13:00:00+00:00/PT1H", "value": 4.4444444444445}, {"validTime": "2018-03-20T14:00:00+00:00/PT1H", "value": 5.5555555555555}, {"validTime": "2018-03-20T15:00:00+00:00/PT1H", "value": 6.6666666666667}, {"validTime": "2018-03-20T16:00:00+00:00/PT1H", "value": 7.2222222222222}, {"validTime": "2018-03-20T17:00:00+00:00/PT1H", "value": 7.7777777777778}, {"validTime": "2018-03-20T18:00:00+00:00/PT4H", "value": 8.3333333333334}, {"validTime": "2018-03-20T22:00:00+00:00/PT1H", "value": 7.2222222222222}, {"validTime": "2018-03-20T23:00:00+00:00/PT1H", "value": 6.6666666666667}, {"validTime": "2018-03-21T00:00:00+00:00/PT1H", "value": 5.5555555555555}, {"validTime": "2018-03-21T01:00:00+00:00/PT1H", "value": 4.4444444444445}, {"validTime": "2018-03-21T02:00:00+00:00/PT1H", "value": 3.8888888888889}, {"validTime": "2018-03-21T03:00:00+00:00/PT2H", "value": 3.3333333333334}, {"validTime": "2018-03-21T05:00:00+00:00/PT1H", "value": 2.7777777777778}, {"validTime": "2018-03-21T06:00:00+00:00/PT2H", "value": 2.2222222222222}, {"validTime": "2018-03-21T08:00:00+00:00/PT2H", "value": 1.6666666666667}, {"validTime": "2018-03-21T10:00:00+00:00/PT3H", "value": 1.1111111111111}, {"validTime": "2018-03-21T13:00:00+00:00/PT1H", "value": 2.7777777777778}, {"validTime": "2018-03-21T14:00:00+00:00/PT1H", "value": 3.8888888888889}, {"validTime": "2018-03-21T15:00:00+00:00/PT1H", "value": 5}, {"validTime": "2018-03-21T16:00:00+00:00/PT1H", "value": 6.1111111111111}, {"validTime": "2018-03-21T17:00:00+00:00/PT1H", "value": 6.6666666666667}, {"validTime": "2018-03-21T18:00:00+00:00/PT1H", "value": 7.2222222222222}, {"validTime": "2018-03-21T19:00:00+00:00/PT3H", "value": 7.7777777777778}, {"validTime": "2018-03-21T22:00:00+00:00/PT1H", "value": 6.6666666666667}, {"validTime": "2018-03-21T23:00:00+00:00/PT1H", "value": 5.5555555555555}, {"validTime": "2018-03-22T00:00:00+00:00/PT1H", "value": 4.4444444444445}]}, "dewpoint": {"sourceUnit": "F", "uom": "unit:degC", "values": [{"validTime": "2018-03-14T17:00:00+00:00/PT1H", "value": -10.555555555556}, {"validTime": "2018-03-14T18:00:00+00:00/PT2H", "value": -11.111111111111}, {"validTime": "2018-03-14T20:00:00+00:00/PT1H", "value": -10.555555555556}, {"validTime": "2018-03-14T21:00:00+00:00/PT1H", "value": -11.111111111111}, {"validTime": "2018-03-14T22:00:00+00:00/PT2H", "value": -10.555555555556}, {"validTime": "2018-03-15T00:00:00+00:00/PT1H", "value": -10}, {"validTime": "2018-03-15T01:00:00+00:00/PT2H", "value": -8.8888888888889}, {"validTime": "2018-03-15T03:00:00+00:00/PT3H", "value": -8.3333333333333}, {"validTime": "2018-03-15T06:00:00+00:00/PT3H", "value": -7.7777777777778}, {"validTime": "2018-03-15T09:00:00+00:00/PT2H", "value": -7.2222222222222}, {"validTime": "2018-03-15T11:00:00+00:00/PT2H", "value": -7.7777777777778}, {"validTime": "2018-03-15T13:00:00+00:00/PT1H", "value": -7.2222222222222}, {"validTime": "2018-03-15T14:00:00+00:00/PT1H", "value": -6.6666666666666}, {"validTime": "2018-03-15T15:00:00+00:00/PT1H", "value": -6.1111111111111}, {"validTime": "2018-03-15T16:00:00+00:00/PT2H", "value": -5.5555555555555}, {"validTime": "2018-03-15T18:00:00+00:00/PT2H", "value": -5}, {"validTime": "2018-03-15T20:00:00+00:00/PT2H", "value": -5.5555555555555}, {"validTime": "2018-03-15T22:00:00+00:00/PT4H", "value": -6.1111111111111}, {"validTime": "2018-03-16T02:00:00+00:00/PT6H", "value": -5.5555555555555}, {"validTime": "2018-03-16T08:00:00+00:00/PT3H", "value": -6.1111111111111}, {"validTime": "2018-03-16T11:00:00+00:00/PT2H", "value": -6.6666666666666}, {"validTime": "2018-03-16T13:00:00+00:00/PT1H", "value": -7.2222222222222}, {"validTime": "2018-03-16T14:00:00+00:00/PT1H", "value": -7.7777777777778}, {"validTime": "2018-03-16T15:00:00+00:00/PT1H", "value": -8.3333333333333}, {"validTime": "2018-03-16T16:00:00+00:00/PT1H", "value": -8.8888888888889}, {"validTime": "2018-03-16T17:00:00+00:00/PT1H", "value": -9.4444444444445}, {"validTime": "2018-03-16T18:00:00+00:00/PT2H", "value": -10}, {"validTime": "2018-03-16T20:00:00+00:00/PT5H", "value": -9.4444444444445}, {"validTime": "2018-03-17T01:00:00+00:00/PT2H", "value": -8.8888888888889}, {"validTime": "2018-03-17T03:00:00+00:00/PT5H", "value": -8.3333333333333}, {"validTime": "2018-03-17T08:00:00+00:00/PT4H", "value": -8.8888888888889}, {"validTime": "2018-03-17T12:00:00+00:00/PT1H", "value": -8.3333333333333}, {"validTime": "2018-03-17T13:00:00+00:00/PT1H", "value": -7.7777777777778}, {"validTime": "2018-03-17T14:00:00+00:00/PT1H", "value": -7.2222222222222}, {"validTime": "2018-03-17T15:00:00+00:00/PT1H", "value": -6.6666666666666}, {"validTime": "2018-03-17T16:00:00+00:00/PT2H", "value": -6.1111111111111}, {"validTime": "2018-03-17T18:00:00+00:00/PT1H", "value": -5.5555555555555}, {"validTime": "2018-03-17T19:00:00+00:00/PT1H", "value": -4.4444444444445}, {"validTime": "2018-03-17T20:00:00+00:00/PT1H", "value": -3.8888888888889}, {"validTime": "2018-03-17T21:00:00+00:00/PT1H", "value": -2.7777777777778}, {"validTime": "2018-03-17T22:00:00+00:00/PT5H", "value": -2.2222222222222}, {"validTime": "2018-03-18T03:00:00+00:00/PT1H", "value": -2.7777777777778}, {"validTime": "2018-03-18T04:00:00+00:00/PT2H", "value": -3.3333333333333}, {"validTime": "2018-03-18T06:00:00+00:00/PT1H", "value": -3.8888888888889}, {"validTime": "2018-03-18T07:00:00+00:00/PT2H", "value": -4.4444444444445}, {"validTime": "2018-03-18T09:00:00+00:00/PT2H", "value": -5}, {"validTime": "2018-03-18T11:00:00+00:00/PT3H", "value": -5.5555555555555}, {"validTime": "2018-03-18T14:00:00+00:00/PT2H", "value": -5}, {"validTime": "2018-03-18T16:00:00+00:00/PT2H", "value": -4.4444444444445}, {"validTime": "2018-03-18T18:00:00+00:00/PT1H", "value": -3.8888888888889}, {"validTime": "2018-03-18T19:00:00+00:00/PT2H", "value": -3.3333333333333}, {"validTime": "2018-03-18T21:00:00+00:00/PT2H", "value": -2.7777777777778}, {"validTime": "2018-03-18T23:00:00+00:00/PT5H", "value": -2.2222222222222}, {"validTime": "2018-03-19T04:00:00+00:00/PT10H", "value": -2.7777777777778}, {"validTime": "2018-03-19T14:00:00+00:00/PT1H", "value": -2.2222222222222}, {"validTime": "2018-03-19T15:00:00+00:00/PT1H", "value": -1.6666666666666}, {"validTime": "2018-03-19T16:00:00+00:00/PT2H", "value": -1.1111111111111}, {"validTime": "2018-03-19T18:00:00+00:00/PT2H", "value": -0.55555555555554}, {"validTime": "2018-03-19T20:00:00+00:00/PT3H", "value": 0}, {"validTime": "2018-03-19T23:00:00+00:00/PT3H", "value": 0.55555555555554}, {"validTime": "2018-03-20T02:00:00+00:00/PT3H", "value": 1.1111111111111}, {"validTime": "2018-03-20T05:00:00+00:00/PT9H", "value": 1.6666666666667}, {"validTime": "2018-03-20T14:00:00+00:00/PT2H", "value": 2.2222222222222}, {"validTime": "2018-03-20T16:00:00+00:00/PT4H", "value": 2.7777777777778}, {"validTime": "2018-03-20T20:00:00+00:00/PT2H", "value": 2.2222222222222}, {"validTime": "2018-03-20T22:00:00+00:00/PT1H", "value": 1.6666666666667}, {"validTime": "2018-03-20T23:00:00+00:00/PT1H", "value": 1.1111111111111}, {"validTime": "2018-03-21T00:00:00+00:00/PT1H", "value": 0.55555555555554}, {"validTime": "2018-03-21T01:00:00+00:00/PT1H", "value": 0}, {"validTime": "2018-03-21T02:00:00+00:00/PT1H", "value": -0.55555555555554}, {"validTime": "2018-03-21T03:00:00+00:00/PT2H", "value": -1.1111111111111}, {"validTime": "2018-03-21T05:00:00+00:00/PT1H", "value": -1.6666666666666}, {"validTime": "2018-03-21T06:00:00+00:00/PT1H", "value": -2.2222222222222}, {"validTime": "2018-03-21T07:00:00+00:00/PT2H", "value": -2.7777777777778}, {"validTime": "2018-03-21T09:00:00+00:00/PT2H", "value": -3.3333333333333}, {"validTime": "2018-03-21T11:00:00+00:00/PT11H", "value": -3.8888888888889}, {"validTime": "2018-03-21T22:00:00+00:00/PT3H", "value": -4.4444444444445}]}, "maxTemperature": {"sourceUnit": "F", "uom": "unit:degC", "values": [{"validTime": "2018-03-14T17:00:00+00:00/PT8H", "value": 5}, {"validTime": "2018-03-15T12:00:00+00:00/PT13H", "value": 10.555555555556}, {"validTime": "2018-03-16T12:00:00+00:00/PT13H", "value": 7.7777777777778}, {"validTime": "2018-03-17T12:00:00+00:00/PT13H", "value": 9.4444444444445}, {"validTime": "2018-03-18T12:00:00+00:00/PT13H", "value": 11.111111111111}, {"validTime": "2018-03-19T12:00:00+00:00/PT13H", "value": 10.555555555556}, {"validTime": "2018-03-20T12:00:00+00:00/PT13H", "value": 8.8888888888889}, {"validTime": "2018-03-21T12:00:00+00:00/PT13H", "value": 8.3333333333334}]}, "minTemperature": {"sourceUnit": "F", "uom": "unit:degC", "values": [{"validTime": "2018-03-15T00:00:00+00:00/PT14H", "value": -2.2222222222222}, {"validTime": "2018-03-16T00:00:00+00:00/PT14H", "value": -0.55555555555554}, {"validTime": "2018-03-17T00:00:00+00:00/PT14H", "value": -2.2222222222222}, {"validTime": "2018-03-18T00:00:00+00:00/PT14H", "value": -1.1111111111111}, {"validTime": "2018-03-19T00:00:00+00:00/PT14H", "value": 0}, {"validTime": "2018-03-20T00:00:00+00:00/PT14H", "value": 2.7777777777778}, {"validTime": "2018-03-21T00:00:00+00:00/PT14H", "value": 0}, {"validTime": "2018-03-22T00:00:00+00:00/PT14H", "value": -1.1111111111111}]}, "relativeHumidity": {"sourceUnit": "%", "uom": "unit:percent", "values": [{"validTime": "2018-03-14T17:00:00+00:00/PT1H", "value": 34}, {"validTime": "2018-03-14T18:00:00+00:00/PT1H", "value": 30}, {"validTime": "2018-03-14T19:00:00+00:00/PT1H", "value": 29}, {"validTime": "2018-03-14T20:00:00+00:00/PT2H", "value": 31}, {"validTime": "2018-03-14T22:00:00+00:00/PT1H", "value": 33}, {"validTime": "2018-03-14T23:00:00+00:00/PT1H", "value": 38}, {"validTime": "2018-03-15T00:00:00+00:00/PT1H", "value": 40}, {"validTime": "2018-03-15T01:00:00+00:00/PT1H", "value": 45}, {"validTime": "2018-03-15T02:00:00+00:00/PT1H", "value": 47}, {"validTime": "2018-03-15T03:00:00+00:00/PT1H", "value": 49}, {"validTime": "2018-03-15T04:00:00+00:00/PT1H", "value": 51}, {"validTime": "2018-03-15T05:00:00+00:00/PT1H", "value": 53}, {"validTime": "2018-03-15T06:00:00+00:00/PT1H", "value": 58}, {"validTime": "2018-03-15T07:00:00+00:00/PT2H", "value": 63}, {"validTime": "2018-03-15T09:00:00+00:00/PT3H", "value": 66}, {"validTime": "2018-03-15T12:00:00+00:00/PT1H", "value": 63}, {"validTime": "2018-03-15T13:00:00+00:00/PT1H", "value": 58}, {"validTime": "2018-03-15T14:00:00+00:00/PT1H", "value": 52}, {"validTime": "2018-03-15T15:00:00+00:00/PT1H", "value": 44}, {"validTime": "2018-03-15T16:00:00+00:00/PT1H", "value": 40}, {"validTime": "2018-03-15T17:00:00+00:00/PT1H", "value": 35}, {"validTime": "2018-03-15T18:00:00+00:00/PT1H", "value": 34}, {"validTime": "2018-03-15T19:00:00+00:00/PT1H", "value": 33}, {"validTime": "2018-03-15T20:00:00+00:00/PT1H", "value": 32}, {"validTime": "2018-03-15T21:00:00+00:00/PT1H", "value": 34}, {"validTime": "2018-03-15T22:00:00+00:00/PT1H", "value": 35}, {"validTime": "2018-03-15T23:00:00+00:00/PT1H", "value": 38}, {"validTime": "2018-03-16T00:00:00+00:00/PT1H", "value": 41}, {"validTime": "2018-03-16T01:00:00+00:00/PT1H", "value": 44}, {"validTime": "2018-03-16T02:00:00+00:00/PT1H", "value": 50}, {"validTime": "2018-03-16T03:00:00+00:00/PT1H", "value": 54}, {"validTime": "2018-03-16T04:00:00+00:00/PT1H", "value": 56}, {"validTime": "2018-03-16T05:00:00+00:00/PT1H", "value": 59}, {"validTime": "2018-03-16T06:00:00+00:00/PT1H", "value": 61}, {"validTime": "2018-03-16T07:00:00+00:00/PT3H", "value": 63}, {"validTime": "2018-03-16T10:00:00+00:00/PT1H", "value": 66}, {"validTime": "2018-03-16T11:00:00+00:00/PT1H", "value": 63}, {"validTime": "2018-03-16T12:00:00+00:00/PT1H", "value": 61}, {"validTime": "2018-03-16T13:00:00+00:00/PT1H", "value": 54}, {"validTime": "2018-03-16T14:00:00+00:00/PT1H", "value": 46}, {"validTime": "2018-03-16T15:00:00+00:00/PT1H", "value": 39}, {"validTime": "2018-03-16T16:00:00+00:00/PT1H", "value": 34}, {"validTime": "2018-03-16T17:00:00+00:00/PT1H", "value": 30}, {"validTime": "2018-03-16T18:00:00+00:00/PT1H", "value": 28}, {"validTime": "2018-03-16T19:00:00+00:00/PT1H", "value": 27}, {"validTime": "2018-03-16T20:00:00+00:00/PT1H", "value": 28}, {"validTime": "2018-03-16T21:00:00+00:00/PT1H", "value": 29}, {"validTime": "2018-03-16T22:00:00+00:00/PT1H", "value": 32}, {"validTime": "2018-03-16T23:00:00+00:00/PT1H", "value": 34}, {"validTime": "2018-03-17T00:00:00+00:00/PT1H", "value": 37}, {"validTime": "2018-03-17T01:00:00+00:00/PT1H", "value": 43}, {"validTime": "2018-03-17T02:00:00+00:00/PT1H", "value": 45}, {"validTime": "2018-03-17T03:00:00+00:00/PT2H", "value": 51}, {"validTime": "2018-03-17T05:00:00+00:00/PT1H", "value": 53}, {"validTime": "2018-03-17T06:00:00+00:00/PT2H", "value": 56}, {"validTime": "2018-03-17T08:00:00+00:00/PT1H", "value": 55}, {"validTime": "2018-03-17T09:00:00+00:00/PT2H", "value": 58}, {"validTime": "2018-03-17T11:00:00+00:00/PT2H", "value": 60}, {"validTime": "2018-03-17T13:00:00+00:00/PT1H", "value": 53}, {"validTime": "2018-03-17T14:00:00+00:00/PT1H", "value": 48}, {"validTime": "2018-03-17T15:00:00+00:00/PT1H", "value": 44}, {"validTime": "2018-03-17T16:00:00+00:00/PT1H", "value": 43}, {"validTime": "2018-03-17T17:00:00+00:00/PT2H", "value": 38}, {"validTime": "2018-03-17T19:00:00+00:00/PT2H", "value": 40}, {"validTime": "2018-03-17T21:00:00+00:00/PT1H", "value": 45}, {"validTime": "2018-03-17T22:00:00+00:00/PT1H", "value": 49}, {"validTime": "2018-03-17T23:00:00+00:00/PT1H", "value": 53}, {"validTime": "2018-03-18T00:00:00+00:00/PT1H", "value": 57}, {"validTime": "2018-03-18T01:00:00+00:00/PT1H", "value": 62}, {"validTime": "2018-03-18T02:00:00+00:00/PT3H", "value": 64}, {"validTime": "2018-03-18T05:00:00+00:00/PT1H", "value": 67}, {"validTime": "2018-03-18T06:00:00+00:00/PT5H", "value": 66}, {"validTime": "2018-03-18T11:00:00+00:00/PT2H", "value": 63}, {"validTime": "2018-03-18T13:00:00+00:00/PT1H", "value": 54}, {"validTime": "2018-03-18T14:00:00+00:00/PT1H", "value": 50}, {"validTime": "2018-03-18T15:00:00+00:00/PT1H", "value": 45}, {"validTime": "2018-03-18T16:00:00+00:00/PT1H", "value": 42}, {"validTime": "2018-03-18T17:00:00+00:00/PT3H", "value": 39}, {"validTime": "2018-03-18T20:00:00+00:00/PT1H", "value": 37}, {"validTime": "2018-03-18T21:00:00+00:00/PT1H", "value": 41}, {"validTime": "2018-03-18T22:00:00+00:00/PT1H", "value": 42}, {"validTime": "2018-03-18T23:00:00+00:00/PT1H", "value": 49}, {"validTime": "2018-03-19T00:00:00+00:00/PT1H", "value": 53}, {"validTime": "2018-03-19T01:00:00+00:00/PT1H", "value": 57}, {"validTime": "2018-03-19T02:00:00+00:00/PT1H", "value": 59}, {"validTime": "2018-03-19T03:00:00+00:00/PT2H", "value": 62}, {"validTime": "2018-03-19T05:00:00+00:00/PT1H", "value": 64}, {"validTime": "2018-03-19T06:00:00+00:00/PT1H", "value": 67}, {"validTime": "2018-03-19T07:00:00+00:00/PT2H", "value": 69}, {"validTime": "2018-03-19T09:00:00+00:00/PT2H", "value": 72}, {"validTime": "2018-03-19T11:00:00+00:00/PT1H", "value": 75}, {"validTime": "2018-03-19T12:00:00+00:00/PT1H", "value": 72}, {"validTime": "2018-03-19T13:00:00+00:00/PT1H", "value": 64}, {"validTime": "2018-03-19T14:00:00+00:00/PT1H", "value": 59}, {"validTime": "2018-03-19T15:00:00+00:00/PT1H", "value": 57}, {"validTime": "2018-03-19T16:00:00+00:00/PT1H", "value": 55}, {"validTime": "2018-03-19T17:00:00+00:00/PT1H", "value": 51}, {"validTime": "2018-03-19T18:00:00+00:00/PT4H", "value": 50}, {"validTime": "2018-03-19T22:00:00+00:00/PT1H", "value": 52}, {"validTime": "2018-03-19T23:00:00+00:00/PT1H", "value": 58}, {"validTime": "2018-03-20T00:00:00+00:00/PT1H", "value": 60}, {"validTime": "2018-03-20T01:00:00+00:00/PT1H", "value": 65}, {"validTime": "2018-03-20T02:00:00+00:00/PT2H", "value": 70}, {"validTime": "2018-03-20T04:00:00+00:00/PT1H", "value": 73}, {"validTime": "2018-03-20T05:00:00+00:00/PT2H", "value": 79}, {"validTime": "2018-03-20T07:00:00+00:00/PT2H", "value": 82}, {"validTime": "2018-03-20T09:00:00+00:00/PT2H", "value": 85}, {"validTime": "2018-03-20T11:00:00+00:00/PT1H", "value": 89}, {"validTime": "2018-03-20T12:00:00+00:00/PT1H", "value": 85}, {"validTime": "2018-03-20T13:00:00+00:00/PT1H", "value": 82}, {"validTime": "2018-03-20T14:00:00+00:00/PT1H", "value": 79}, {"validTime": "2018-03-20T15:00:00+00:00/PT2H", "value": 73}, {"validTime": "2018-03-20T17:00:00+00:00/PT1H", "value": 71}, {"validTime": "2018-03-20T18:00:00+00:00/PT2H", "value": 68}, {"validTime": "2018-03-20T20:00:00+00:00/PT2H", "value": 65}, {"validTime": "2018-03-20T22:00:00+00:00/PT2H", "value": 68}, {"validTime": "2018-03-21T00:00:00+00:00/PT1H", "value": 70}, {"validTime": "2018-03-21T01:00:00+00:00/PT4H", "value": 73}, {"validTime": "2018-03-21T05:00:00+00:00/PT2H", "value": 72}, {"validTime": "2018-03-21T07:00:00+00:00/PT1H", "value": 69}, {"validTime": "2018-03-21T08:00:00+00:00/PT1H", "value": 72}, {"validTime": "2018-03-21T09:00:00+00:00/PT1H", "value": 69}, {"validTime": "2018-03-21T10:00:00+00:00/PT1H", "value": 72}, {"validTime": "2018-03-21T11:00:00+00:00/PT2H", "value": 69}, {"validTime": "2018-03-21T13:00:00+00:00/PT1H", "value": 61}, {"validTime": "2018-03-21T14:00:00+00:00/PT1H", "value": 57}, {"validTime": "2018-03-21T15:00:00+00:00/PT1H", "value": 52}, {"validTime": "2018-03-21T16:00:00+00:00/PT1H", "value": 49}, {"validTime": "2018-03-21T17:00:00+00:00/PT1H", "value": 47}, {"validTime": "2018-03-21T18:00:00+00:00/PT1H", "value": 45}, {"validTime": "2018-03-21T19:00:00+00:00/PT3H", "value": 43}, {"validTime": "2018-03-21T22:00:00+00:00/PT1H", "value": 45}, {"validTime": "2018-03-21T23:00:00+00:00/PT1H", "value": 48}, {"validTime": "2018-03-22T00:00:00+00:00/PT1H", "value": 52}]}, "apparentTemperature": {"sourceUnit": "F", "uom": "unit:degC", "values": [{"validTime": "2018-03-14T17:00:00+00:00/PT1H", "value": -1.1111111111111}, {"validTime": "2018-03-14T18:00:00+00:00/PT1H", "value": 0}, {"validTime": "2018-03-14T19:00:00+00:00/PT1H", "value": 0.55555555555554}, {"validTime": "2018-03-14T20:00:00+00:00/PT2H", "value": 0}, {"validTime": "2018-03-14T22:00:00+00:00/PT1H", "value": -0.55555555555554}, {"validTime": "2018-03-14T23:00:00+00:00/PT2H", "value": -3.8888888888889}, {"validTime": "2018-03-15T01:00:00+00:00/PT1H", "value": -4.4444444444445}, {"validTime": "2018-03-15T02:00:00+00:00/PT1H", "value": -5}, {"validTime": "2018-03-15T03:00:00+00:00/PT1H", "value": -4.4444444444445}, {"validTime": "2018-03-15T04:00:00+00:00/PT1H", "value": -5}, {"validTime": "2018-03-15T05:00:00+00:00/PT1H", "value": -5.5555555555555}, {"validTime": "2018-03-15T06:00:00+00:00/PT1H", "value": -6.1111111111111}, {"validTime": "2018-03-15T07:00:00+00:00/PT1H", "value": -7.2222222222222}, {"validTime": "2018-03-15T08:00:00+00:00/PT3H", "value": -6.6666666666666}, {"validTime": "2018-03-15T11:00:00+00:00/PT1H", "value": -7.2222222222222}, {"validTime": "2018-03-15T12:00:00+00:00/PT1H", "value": -6.6666666666666}, {"validTime": "2018-03-15T13:00:00+00:00/PT1H", "value": -4.4444444444445}, {"validTime": "2018-03-15T14:00:00+00:00/PT1H", "value": -1.6666666666666}, {"validTime": "2018-03-15T15:00:00+00:00/PT1H", "value": 1.1111111111111}, {"validTime": "2018-03-15T16:00:00+00:00/PT1H", "value": 3.8888888888889}, {"validTime": "2018-03-15T17:00:00+00:00/PT1H", "value": 6.1111111111111}, {"validTime": "2018-03-15T18:00:00+00:00/PT1H", "value": 7.2222222222222}, {"validTime": "2018-03-15T19:00:00+00:00/PT2H", "value": 10.555555555556}, {"validTime": "2018-03-15T21:00:00+00:00/PT1H", "value": 6.1111111111111}, {"validTime": "2018-03-15T22:00:00+00:00/PT1H", "value": 4.4444444444445}, {"validTime": "2018-03-15T23:00:00+00:00/PT1H", "value": 3.3333333333334}, {"validTime": "2018-03-16T00:00:00+00:00/PT1H", "value": 2.2222222222222}, {"validTime": "2018-03-16T01:00:00+00:00/PT1H", "value": 0.55555555555554}, {"validTime": "2018-03-16T02:00:00+00:00/PT1H", "value": -0.55555555555554}, {"validTime": "2018-03-16T03:00:00+00:00/PT1H", "value": -1.6666666666666}, {"validTime": "2018-03-16T04:00:00+00:00/PT1H", "value": -2.2222222222222}, {"validTime": "2018-03-16T05:00:00+00:00/PT2H", "value": -2.7777777777778}, {"validTime": "2018-03-16T07:00:00+00:00/PT1H", "value": -3.8888888888889}, {"validTime": "2018-03-16T08:00:00+00:00/PT2H", "value": -4.4444444444445}, {"validTime": "2018-03-16T10:00:00+00:00/PT2H", "value": -5}, {"validTime": "2018-03-16T12:00:00+00:00/PT1H", "value": -4.4444444444445}, {"validTime": "2018-03-16T13:00:00+00:00/PT1H", "value": -3.3333333333333}, {"validTime": "2018-03-16T14:00:00+00:00/PT1H", "value": -1.6666666666666}, {"validTime": "2018-03-16T15:00:00+00:00/PT1H", "value": 0}, {"validTime": "2018-03-16T16:00:00+00:00/PT1H", "value": 1.1111111111111}, {"validTime": "2018-03-16T17:00:00+00:00/PT1H", "value": 2.7777777777778}, {"validTime": "2018-03-16T18:00:00+00:00/PT1H", "value": 3.3333333333334}, {"validTime": "2018-03-16T19:00:00+00:00/PT2H", "value": 3.8888888888889}, {"validTime": "2018-03-16T21:00:00+00:00/PT1H", "value": 3.3333333333334}, {"validTime": "2018-03-16T22:00:00+00:00/PT1H", "value": 2.2222222222222}, {"validTime": "2018-03-16T23:00:00+00:00/PT1H", "value": 1.1111111111111}, {"validTime": "2018-03-17T00:00:00+00:00/PT1H", "value": 0}, {"validTime": "2018-03-17T01:00:00+00:00/PT1H", "value": -1.6666666666666}, {"validTime": "2018-03-17T02:00:00+00:00/PT1H", "value": -2.7777777777778}, {"validTime": "2018-03-17T03:00:00+00:00/PT2H", "value": -3.8888888888889}, {"validTime": "2018-03-17T05:00:00+00:00/PT1H", "value": -3.3333333333333}, {"validTime": "2018-03-17T06:00:00+00:00/PT1H", "value": -3.8888888888889}, {"validTime": "2018-03-17T07:00:00+00:00/PT1H", "value": -3.3333333333333}, {"validTime": "2018-03-17T08:00:00+00:00/PT1H", "value": -3.8888888888889}, {"validTime": "2018-03-17T09:00:00+00:00/PT2H", "value": -4.4444444444445}, {"validTime": "2018-03-17T11:00:00+00:00/PT1H", "value": -5.5555555555555}, {"validTime": "2018-03-17T12:00:00+00:00/PT1H", "value": -5}, {"validTime": "2018-03-17T13:00:00+00:00/PT1H", "value": -2.2222222222222}, {"validTime": "2018-03-17T14:00:00+00:00/PT1H", "value": 0}, {"validTime": "2018-03-17T15:00:00+00:00/PT1H", "value": 1.6666666666667}, {"validTime": "2018-03-17T16:00:00+00:00/PT1H", "value": 3.3333333333334}, {"validTime": "2018-03-17T17:00:00+00:00/PT1H", "value": 5.5555555555555}, {"validTime": "2018-03-17T18:00:00+00:00/PT1H", "value": 6.1111111111111}, {"validTime": "2018-03-17T19:00:00+00:00/PT1H", "value": 6.6666666666667}, {"validTime": "2018-03-17T20:00:00+00:00/PT1H", "value": 7.2222222222222}, {"validTime": "2018-03-17T21:00:00+00:00/PT1H", "value": 6.6666666666667}, {"validTime": "2018-03-17T22:00:00+00:00/PT1H", "value": 6.1111111111111}, {"validTime": "2018-03-17T23:00:00+00:00/PT1H", "value": 5}, {"validTime": "2018-03-18T00:00:00+00:00/PT1H", "value": 3.8888888888889}, {"validTime": "2018-03-18T01:00:00+00:00/PT1H", "value": 2.7777777777778}, {"validTime": "2018-03-18T02:00:00+00:00/PT1H", "value": 2.2222222222222}, {"validTime": "2018-03-18T03:00:00+00:00/PT1H", "value": 1.1111111111111}, {"validTime": "2018-03-18T04:00:00+00:00/PT1H", "value": 0.55555555555554}, {"validTime": "2018-03-18T05:00:00+00:00/PT1H", "value": 0}, {"validTime": "2018-03-18T06:00:00+00:00/PT1H", "value": -0.55555555555554}, {"validTime": "2018-03-18T07:00:00+00:00/PT6H", "value": -1.1111111111111}, {"validTime": "2018-03-18T13:00:00+00:00/PT1H", "value": 1.1111111111111}, {"validTime": "2018-03-18T14:00:00+00:00/PT1H", "value": 3.3333333333334}, {"validTime": "2018-03-18T15:00:00+00:00/PT1H", "value": 4.4444444444445}, {"validTime": "2018-03-18T16:00:00+00:00/PT1H", "value": 6.6666666666667}, {"validTime": "2018-03-18T17:00:00+00:00/PT1H", "value": 7.7777777777778}, {"validTime": "2018-03-18T18:00:00+00:00/PT1H", "value": 8.3333333333334}, {"validTime": "2018-03-18T19:00:00+00:00/PT1H", "value": 8.8888888888889}, {"validTime": "2018-03-18T20:00:00+00:00/PT1H", "value": 10.555555555556}, {"validTime": "2018-03-18T21:00:00+00:00/PT2H", "value": 8.8888888888889}, {"validTime": "2018-03-18T23:00:00+00:00/PT1H", "value": 7.2222222222222}, {"validTime": "2018-03-19T00:00:00+00:00/PT1H", "value": 5.5555555555555}, {"validTime": "2018-03-19T01:00:00+00:00/PT1H", "value": 4.4444444444445}, {"validTime": "2018-03-19T02:00:00+00:00/PT1H", "value": 3.8888888888889}, {"validTime": "2018-03-19T03:00:00+00:00/PT1H", "value": 4.4444444444445}, {"validTime": "2018-03-19T04:00:00+00:00/PT1H", "value": 3.8888888888889}, {"validTime": "2018-03-19T05:00:00+00:00/PT1H", "value": 3.3333333333334}, {"validTime": "2018-03-19T06:00:00+00:00/PT1H", "value": 2.7777777777778}, {"validTime": "2018-03-19T07:00:00+00:00/PT2H", "value": 2.2222222222222}, {"validTime": "2018-03-19T09:00:00+00:00/PT1H", "value": 1.6666666666667}, {"validTime": "2018-03-19T10:00:00+00:00/PT1H", "value": 0}, {"validTime": "2018-03-19T11:00:00+00:00/PT1H", "value": -0.55555555555554}, {"validTime": "2018-03-19T12:00:00+00:00/PT1H", "value": 0}, {"validTime": "2018-03-19T13:00:00+00:00/PT1H", "value": 2.2222222222222}, {"validTime": "2018-03-19T14:00:00+00:00/PT1H", "value": 3.8888888888889}, {"validTime": "2018-03-19T15:00:00+00:00/PT1H", "value": 5}, {"validTime": "2018-03-19T16:00:00+00:00/PT1H", "value": 6.1111111111111}, {"validTime": "2018-03-19T17:00:00+00:00/PT1H", "value": 7.2222222222222}, {"validTime": "2018-03-19T18:00:00+00:00/PT2H", "value": 8.3333333333334}, {"validTime": "2018-03-19T20:00:00+00:00/PT2H", "value": 8.8888888888889}, {"validTime": "2018-03-19T22:00:00+00:00/PT1H", "value": 8.3333333333334}, {"validTime": "2018-03-19T23:00:00+00:00/PT1H", "value": 6.6666666666667}, {"validTime": "2018-03-20T00:00:00+00:00/PT1H", "value": 5.5555555555555}, {"validTime": "2018-03-20T01:00:00+00:00/PT1H", "value": 4.4444444444445}, {"validTime": "2018-03-20T02:00:00+00:00/PT2H", "value": 3.8888888888889}, {"validTime": "2018-03-20T04:00:00+00:00/PT1H", "value": 3.3333333333334}, {"validTime": "2018-03-20T05:00:00+00:00/PT2H", "value": 2.2222222222222}, {"validTime": "2018-03-20T07:00:00+00:00/PT4H", "value": 1.6666666666667}, {"validTime": "2018-03-20T11:00:00+00:00/PT1H", "value": 1.1111111111111}, {"validTime": "2018-03-20T12:00:00+00:00/PT1H", "value": 1.6666666666667}, {"validTime": "2018-03-20T13:00:00+00:00/PT1H", "value": 2.2222222222222}, {"validTime": "2018-03-20T14:00:00+00:00/PT1H", "value": 3.3333333333334}, {"validTime": "2018-03-20T15:00:00+00:00/PT1H", "value": 4.4444444444445}, {"validTime": "2018-03-20T16:00:00+00:00/PT1H", "value": 5}, {"validTime": "2018-03-20T17:00:00+00:00/PT1H", "value": 5.5555555555555}, {"validTime": "2018-03-20T18:00:00+00:00/PT4H", "value": 6.1111111111111}, {"validTime": "2018-03-20T22:00:00+00:00/PT1H", "value": 4.4444444444445}, {"validTime": "2018-03-20T23:00:00+00:00/PT1H", "value": 3.8888888888889}, {"validTime": "2018-03-21T00:00:00+00:00/PT1H", "value": 2.2222222222222}, {"validTime": "2018-03-21T01:00:00+00:00/PT1H", "value": 1.1111111111111}, {"validTime": "2018-03-21T02:00:00+00:00/PT1H", "value": 0.55555555555554}, {"validTime": "2018-03-21T03:00:00+00:00/PT2H", "value": -0.55555555555554}, {"validTime": "2018-03-21T05:00:00+00:00/PT1H", "value": -1.1111111111111}, {"validTime": "2018-03-21T06:00:00+00:00/PT2H", "value": -1.6666666666666}, {"validTime": "2018-03-21T08:00:00+00:00/PT2H", "value": -2.7777777777778}, {"validTime": "2018-03-21T10:00:00+00:00/PT3H", "value": -3.3333333333333}, {"validTime": "2018-03-21T13:00:00+00:00/PT1H", "value": -1.1111111111111}, {"validTime": "2018-03-21T14:00:00+00:00/PT1H", "value": 0}, {"validTime": "2018-03-21T15:00:00+00:00/PT1H", "value": 1.1111111111111}, {"validTime": "2018-03-21T16:00:00+00:00/PT1H", "value": 2.7777777777778}, {"validTime": "2018-03-21T17:00:00+00:00/PT1H", "value": 3.3333333333334}, {"validTime": "2018-03-21T18:00:00+00:00/PT1H", "value": 3.8888888888889}, {"validTime": "2018-03-21T19:00:00+00:00/PT3H", "value": 4.4444444444445}, {"validTime": "2018-03-21T22:00:00+00:00/PT1H", "value": 3.3333333333334}, {"validTime": "2018-03-21T23:00:00+00:00/PT1H", "value": 2.2222222222222}, {"validTime": "2018-03-22T00:00:00+00:00/PT1H", "value": 0.55555555555554}]}, "heatIndex": {"sourceUnit": "F", "uom": "unit:degC", "values": [{"validTime": "2018-03-14T17:00:00+00:00/PT1H", "value": -1.1111111111111}, {"validTime": "2018-03-14T18:00:00+00:00/P7DT7H", "value": null}]}, "windChill": {"sourceUnit": "F", "uom": "unit:degC", "values": [{"validTime": "2018-03-14T17:00:00+00:00/PT1H", "value": -1.1111111111111}, {"validTime": "2018-03-14T18:00:00+00:00/PT1H", "value": 0}, {"validTime": "2018-03-14T19:00:00+00:00/PT1H", "value": 0.55555555555554}, {"validTime": "2018-03-14T20:00:00+00:00/PT2H", "value": 0}, {"validTime": "2018-03-14T22:00:00+00:00/PT1H", "value": -0.55555555555554}, {"validTime": "2018-03-14T23:00:00+00:00/PT2H", "value": -3.8888888888889}, {"validTime": "2018-03-15T01:00:00+00:00/PT1H", "value": -4.4444444444445}, {"validTime": "2018-03-15T02:00:00+00:00/PT1H", "value": -5}, {"validTime": "2018-03-15T03:00:00+00:00/PT1H", "value": -4.4444444444445}, {"validTime": "2018-03-15T04:00:00+00:00/PT1H", "value": -5}, {"validTime": "2018-03-15T05:00:00+00:00/PT1H", "value": -5.5555555555555}, {"validTime": "2018-03-15T06:00:00+00:00/PT1H", "value": -6.1111111111111}, {"validTime": "2018-03-15T07:00:00+00:00/PT1H", "value": -7.2222222222222}, {"validTime": "2018-03-15T08:00:00+00:00/PT3H", "value": -6.6666666666666}, {"validTime": "2018-03-15T11:00:00+00:00/PT1H", "value": -7.2222222222222}, {"validTime": "2018-03-15T12:00:00+00:00/PT1H", "value": -6.6666666666666}, {"validTime": "2018-03-15T13:00:00+00:00/PT1H", "value": -4.4444444444445}, {"validTime": "2018-03-15T14:00:00+00:00/PT1H", "value": -1.6666666666666}, {"validTime": "2018-03-15T15:00:00+00:00/PT1H", "value": 1.1111111111111}, {"validTime": "2018-03-15T16:00:00+00:00/PT1H", "value": 3.8888888888889}, {"validTime": "2018-03-15T17:00:00+00:00/PT1H", "value": 6.1111111111111}, {"validTime": "2018-03-15T18:00:00+00:00/PT1H", "value": 7.2222222222222}, {"validTime": "2018-03-15T19:00:00+00:00/PT1H", "value": 10.555555555556}, {"validTime": "2018-03-15T20:00:00+00:00/PT2H", "value": null}, {"validTime": "2018-03-15T22:00:00+00:00/PT1H", "value": 4.4444444444445}, {"validTime": "2018-03-15T23:00:00+00:00/PT1H", "value": 3.3333333333334}, {"validTime": "2018-03-16T00:00:00+00:00/PT1H", "value": 2.2222222222222}, {"validTime": "2018-03-16T01:00:00+00:00/PT1H", "value": 0.55555555555554}, {"validTime": "2018-03-16T02:00:00+00:00/PT1H", "value": -0.55555555555554}, {"validTime": "2018-03-16T03:00:00+00:00/PT1H", "value": -1.6666666666666}, {"validTime": "2018-03-16T04:00:00+00:00/PT1H", "value": -2.2222222222222}, {"validTime": "2018-03-16T05:00:00+00:00/PT2H", "value": -2.7777777777778}, {"validTime": "2018-03-16T07:00:00+00:00/PT1H", "value": -3.8888888888889}, {"validTime": "2018-03-16T08:00:00+00:00/PT2H", "value": -4.4444444444445}, {"validTime": "2018-03-16T10:00:00+00:00/PT2H", "value": -5}, {"validTime": "2018-03-16T12:00:00+00:00/PT1H", "value": -4.4444444444445}, {"validTime": "2018-03-16T13:00:00+00:00/PT1H", "value": -3.3333333333333}, {"validTime": "2018-03-16T14:00:00+00:00/PT1H", "value": -1.6666666666666}, {"validTime": "2018-03-16T15:00:00+00:00/PT1H", "value": 0}, {"validTime": "2018-03-16T16:00:00+00:00/PT1H", "value": 1.1111111111111}, {"validTime": "2018-03-16T17:00:00+00:00/PT1H", "value": 2.7777777777778}, {"validTime": "2018-03-16T18:00:00+00:00/PT1H", "value": 3.3333333333334}, {"validTime": "2018-03-16T19:00:00+00:00/PT2H", "value": 3.8888888888889}, {"validTime": "2018-03-16T21:00:00+00:00/PT1H", "value": 3.3333333333334}, {"validTime": "2018-03-16T22:00:00+00:00/PT1H", "value": 2.2222222222222}, {"validTime": "2018-03-16T23:00:00+00:00/PT1H", "value": 1.1111111111111}, {"validTime": "2018-03-17T00:00:00+00:00/PT1H", "value": 0}, {"validTime": "2018-03-17T01:00:00+00:00/PT1H", "value": -1.6666666666666}, {"validTime": "2018-03-17T02:00:00+00:00/PT1H", "value": -2.7777777777778}, {"validTime": "2018-03-17T03:00:00+00:00/PT2H", "value": -3.8888888888889}, {"validTime": "2018-03-17T05:00:00+00:00/PT1H", "value": -3.3333333333333}, {"validTime": "2018-03-17T06:00:00+00:00/PT1H", "value": -3.8888888888889}, {"validTime": "2018-03-17T07:00:00+00:00/PT1H", "value": -3.3333333333333}, {"validTime": "2018-03-17T08:00:00+00:00/PT1H", "value": -3.8888888888889}, {"validTime": "2018-03-17T09:00:00+00:00/PT2H", "value": -4.4444444444445}, {"validTime": "2018-03-17T11:00:00+00:00/PT1H", "value": -5.5555555555555}, {"validTime": "2018-03-17T12:00:00+00:00/PT1H", "value": -5}, {"validTime": "2018-03-17T13:00:00+00:00/PT1H", "value": -2.2222222222222}, {"validTime": "2018-03-17T14:00:00+00:00/PT1H", "value": 0}, {"validTime": "2018-03-17T15:00:00+00:00/PT1H", "value": 1.6666666666667}, {"validTime": "2018-03-17T16:00:00+00:00/PT1H", "value": 3.3333333333334}, {"validTime": "2018-03-17T17:00:00+00:00/PT1H", "value": 5.5555555555555}, {"validTime": "2018-03-17T18:00:00+00:00/PT1H", "value": 6.1111111111111}, {"validTime": "2018-03-17T19:00:00+00:00/PT1H", "value": 6.6666666666667}, {"validTime": "2018-03-17T20:00:00+00:00/PT1H", "value": 7.2222222222222}, {"validTime": "2018-03-17T21:00:00+00:00/PT1H", "value": 6.6666666666667}, {"validTime": "2018-03-17T22:00:00+00:00/PT1H", "value": 6.1111111111111}, {"validTime": "2018-03-17T23:00:00+00:00/PT1H", "value": 5}, {"validTime": "2018-03-18T00:00:00+00:00/PT1H", "value": 3.8888888888889}, {"validTime": "2018-03-18T01:00:00+00:00/PT1H", "value": 2.7777777777778}, {"validTime": "2018-03-18T02:00:00+00:00/PT1H", "value": 2.2222222222222}, {"validTime": "2018-03-18T03:00:00+00:00/PT1H", "value": 1.1111111111111}, {"validTime": "2018-03-18T04:00:00+00:00/PT1H", "value": 0.55555555555554}, {"validTime": "2018-03-18T05:00:00+00:00/PT1H", "value": 0}, {"validTime": "2018-03-18T06:00:00+00:00/PT1H", "value": -0.55555555555554}, {"validTime": "2018-03-18T07:00:00+00:00/PT6H", "value": -1.1111111111111}, {"validTime": "2018-03-18T13:00:00+00:00/PT1H", "value": 1.1111111111111}, {"validTime": "2018-03-18T14:00:00+00:00/PT1H", "value": 3.3333333333334}, {"validTime": "2018-03-18T15:00:00+00:00/PT1H", "value": 4.4444444444445}, {"validTime": "2018-03-18T16:00:00+00:00/PT1H", "value": 6.6666666666667}, {"validTime": "2018-03-18T17:00:00+00:00/PT1H", "value": 7.7777777777778}, {"validTime": "2018-03-18T18:00:00+00:00/PT1H", "value": 8.3333333333334}, {"validTime": "2018-03-18T19:00:00+00:00/PT1H", "value": 8.8888888888889}, {"validTime": "2018-03-18T20:00:00+00:00/PT1H", "value": 10.555555555556}, {"validTime": "2018-03-18T21:00:00+00:00/PT1H", "value": null}, {"validTime": "2018-03-18T22:00:00+00:00/PT1H", "value": 8.8888888888889}, {"validTime": "2018-03-18T23:00:00+00:00/PT1H", "value": 7.2222222222222}, {"validTime": "2018-03-19T00:00:00+00:00/PT1H", "value": 5.5555555555555}, {"validTime": "2018-03-19T01:00:00+00:00/PT1H", "value": 4.4444444444445}, {"validTime": "2018-03-19T02:00:00+00:00/PT1H", "value": 3.8888888888889}, {"validTime": "2018-03-19T03:00:00+00:00/PT1H", "value": 4.4444444444445}, {"validTime": "2018-03-19T04:00:00+00:00/PT1H", "value": 3.8888888888889}, {"validTime": "2018-03-19T05:00:00+00:00/PT1H", "value": 3.3333333333334}, {"validTime": "2018-03-19T06:00:00+00:00/PT1H", "value": 2.7777777777778}, {"validTime": "2018-03-19T07:00:00+00:00/PT2H", "value": 2.2222222222222}, {"validTime": "2018-03-19T09:00:00+00:00/PT1H", "value": 1.6666666666667}, {"validTime": "2018-03-19T10:00:00+00:00/PT1H", "value": 0}, {"validTime": "2018-03-19T11:00:00+00:00/PT1H", "value": -0.55555555555554}, {"validTime": "2018-03-19T12:00:00+00:00/PT1H", "value": 0}, {"validTime": "2018-03-19T13:00:00+00:00/PT1H", "value": 2.2222222222222}, {"validTime": "2018-03-19T14:00:00+00:00/PT1H", "value": 3.8888888888889}, {"validTime": "2018-03-19T15:00:00+00:00/PT1H", "value": 5}, {"validTime": "2018-03-19T16:00:00+00:00/PT1H", "value": 6.1111111111111}, {"validTime": "2018-03-19T17:00:00+00:00/PT1H", "value": 7.2222222222222}, {"validTime": "2018-03-19T18:00:00+00:00/PT2H", "value": 8.3333333333334}, {"validTime": "2018-03-19T20:00:00+00:00/PT2H", "value": 8.8888888888889}, {"validTime": "2018-03-19T22:00:00+00:00/PT1H", "value": 8.3333333333334}, {"validTime": "2018-03-19T23:00:00+00:00/PT1H", "value": 6.6666666666667}, {"validTime": "2018-03-20T00:00:00+00:00/PT1H", "value": 5.5555555555555}, {"validTime": "2018-03-20T01:00:00+00:00/PT1H", "value": 4.4444444444445}, {"validTime": "2018-03-20T02:00:00+00:00/PT2H", "value": 3.8888888888889}, {"validTime": "2018-03-20T04:00:00+00:00/PT1H", "value": 3.3333333333334}, {"validTime": "2018-03-20T05:00:00+00:00/PT2H", "value": 2.2222222222222}, {"validTime": "2018-03-20T07:00:00+00:00/PT4H", "value": 1.6666666666667}, {"validTime": "2018-03-20T11:00:00+00:00/PT1H", "value": 1.1111111111111}, {"validTime": "2018-03-20T12:00:00+00:00/PT1H", "value": 1.6666666666667}, {"validTime": "2018-03-20T13:00:00+00:00/PT1H", "value": 2.2222222222222}, {"validTime": "2018-03-20T14:00:00+00:00/PT1H", "value": 3.3333333333334}, {"validTime": "2018-03-20T15:00:00+00:00/PT1H", "value": 4.4444444444445}, {"validTime": "2018-03-20T16:00:00+00:00/PT1H", "value": 5}, {"validTime": "2018-03-20T17:00:00+00:00/PT1H", "value": 5.5555555555555}, {"validTime": "2018-03-20T18:00:00+00:00/PT4H", "value": 6.1111111111111}, {"validTime": "2018-03-20T22:00:00+00:00/PT1H", "value": 4.4444444444445}, {"validTime": "2018-03-20T23:00:00+00:00/PT1H", "value": 3.8888888888889}, {"validTime": "2018-03-21T00:00:00+00:00/PT1H", "value": 2.2222222222222}, {"validTime": "2018-03-21T01:00:00+00:00/PT1H", "value": 1.1111111111111}, {"validTime": "2018-03-21T02:00:00+00:00/PT1H", "value": 0.55555555555554}, {"validTime": "2018-03-21T03:00:00+00:00/PT2H", "value": -0.55555555555554}, {"validTime": "2018-03-21T05:00:00+00:00/PT1H", "value": -1.1111111111111}, {"validTime": "2018-03-21T06:00:00+00:00/PT2H", "value": -1.6666666666666}, {"validTime": "2018-03-21T08:00:00+00:00/PT2H", "value": -2.7777777777778}, {"validTime": "2018-03-21T10:00:00+00:00/PT3H", "value": -3.3333333333333}, {"validTime": "2018-03-21T13:00:00+00:00/PT1H", "value": -1.1111111111111}, {"validTime": "2018-03-21T14:00:00+00:00/PT1H", "value": 0}, {"validTime": "2018-03-21T15:00:00+00:00/PT1H", "value": 1.1111111111111}, {"validTime": "2018-03-21T16:00:00+00:00/PT1H", "value": 2.7777777777778}, {"validTime": "2018-03-21T17:00:00+00:00/PT1H", "value": 3.3333333333334}, {"validTime": "2018-03-21T18:00:00+00:00/PT1H", "value": 3.8888888888889}, {"validTime": "2018-03-21T19:00:00+00:00/PT3H", "value": 4.4444444444445}, {"validTime": "2018-03-21T22:00:00+00:00/PT1H", "value": 3.3333333333334}, {"validTime": "2018-03-21T23:00:00+00:00/PT1H", "value": 2.2222222222222}, {"validTime": "2018-03-22T00:00:00+00:00/PT1H", "value": 0.55555555555554}]}, "skyCover": {"sourceUnit": "%", "uom": "unit:percent", "values": [{"validTime": "2018-03-14T17:00:00+00:00/PT1H", "value": 80}, {"validTime": "2018-03-14T18:00:00+00:00/PT1H", "value": 81}, {"validTime": "2018-03-14T19:00:00+00:00/PT1H", "value": 83}, {"validTime": "2018-03-14T20:00:00+00:00/PT5H", "value": 93}, {"validTime": "2018-03-15T01:00:00+00:00/PT1H", "value": 94}, {"validTime": "2018-03-15T02:00:00+00:00/PT1H", "value": 95}, {"validTime": "2018-03-15T03:00:00+00:00/PT1H", "value": 96}, {"validTime": "2018-03-15T04:00:00+00:00/PT1H", "value": 89}, {"validTime": "2018-03-15T05:00:00+00:00/PT1H", "value": 74}, {"validTime": "2018-03-15T06:00:00+00:00/PT1H", "value": 67}, {"validTime": "2018-03-15T07:00:00+00:00/PT1H", "value": 62}, {"validTime": "2018-03-15T08:00:00+00:00/PT1H", "value": 51}, {"validTime": "2018-03-15T09:00:00+00:00/PT1H", "value": 46}, {"validTime": "2018-03-15T10:00:00+00:00/PT1H", "value": 45}, {"validTime": "2018-03-15T11:00:00+00:00/PT1H", "value": 42}, {"validTime": "2018-03-15T12:00:00+00:00/PT1H", "value": 40}, {"validTime": "2018-03-15T13:00:00+00:00/PT1H", "value": 45}, {"validTime": "2018-03-15T14:00:00+00:00/PT1H", "value": 53}, {"validTime": "2018-03-15T15:00:00+00:00/PT1H", "value": 58}, {"validTime": "2018-03-15T16:00:00+00:00/PT1H", "value": 63}, {"validTime": "2018-03-15T17:00:00+00:00/PT1H", "value": 73}, {"validTime": "2018-03-15T18:00:00+00:00/PT1H", "value": 78}, {"validTime": "2018-03-15T19:00:00+00:00/PT1H", "value": 75}, {"validTime": "2018-03-15T20:00:00+00:00/PT1H", "value": 71}, {"validTime": "2018-03-15T21:00:00+00:00/PT2H", "value": 68}, {"validTime": "2018-03-15T23:00:00+00:00/PT1H", "value": 60}, {"validTime": "2018-03-16T00:00:00+00:00/PT1H", "value": 43}, {"validTime": "2018-03-16T01:00:00+00:00/PT1H", "value": 35}, {"validTime": "2018-03-16T02:00:00+00:00/PT1H", "value": 27}, {"validTime": "2018-03-16T03:00:00+00:00/PT1H", "value": 19}, {"validTime": "2018-03-16T04:00:00+00:00/PT1H", "value": 20}, {"validTime": "2018-03-16T05:00:00+00:00/PT1H", "value": 21}, {"validTime": "2018-03-16T06:00:00+00:00/PT1H", "value": 22}, {"validTime": "2018-03-16T07:00:00+00:00/PT1H", "value": 25}, {"validTime": "2018-03-16T08:00:00+00:00/PT1H", "value": 30}, {"validTime": "2018-03-16T09:00:00+00:00/PT1H", "value": 32}, {"validTime": "2018-03-16T10:00:00+00:00/PT1H", "value": 31}, {"validTime": "2018-03-16T11:00:00+00:00/PT1H", "value": 29}, {"validTime": "2018-03-16T12:00:00+00:00/PT1H", "value": 28}, {"validTime": "2018-03-16T13:00:00+00:00/PT1H", "value": 32}, {"validTime": "2018-03-16T14:00:00+00:00/PT1H", "value": 39}, {"validTime": "2018-03-16T15:00:00+00:00/PT1H", "value": 42}, {"validTime": "2018-03-16T16:00:00+00:00/PT1H", "value": 41}, {"validTime": "2018-03-16T17:00:00+00:00/PT1H", "value": 38}, {"validTime": "2018-03-16T18:00:00+00:00/PT1H", "value": 36}, {"validTime": "2018-03-16T19:00:00+00:00/PT1H", "value": 34}, {"validTime": "2018-03-16T20:00:00+00:00/PT1H", "value": 31}, {"validTime": "2018-03-16T21:00:00+00:00/PT1H", "value": 29}, {"validTime": "2018-03-16T22:00:00+00:00/PT1H", "value": 25}, {"validTime": "2018-03-16T23:00:00+00:00/PT1H", "value": 18}, {"validTime": "2018-03-17T00:00:00+00:00/PT1H", "value": 14}, {"validTime": "2018-03-17T01:00:00+00:00/PT1H", "value": 13}, {"validTime": "2018-03-17T02:00:00+00:00/PT1H", "value": 10}, {"validTime": "2018-03-17T03:00:00+00:00/PT1H", "value": 9}, {"validTime": "2018-03-17T04:00:00+00:00/PT1H", "value": 12}, {"validTime": "2018-03-17T05:00:00+00:00/PT1H", "value": 18}, {"validTime": "2018-03-17T06:00:00+00:00/PT1H", "value": 21}, {"validTime": "2018-03-17T07:00:00+00:00/PT1H", "value": 19}, {"validTime": "2018-03-17T08:00:00+00:00/PT1H", "value": 16}, {"validTime": "2018-03-17T09:00:00+00:00/PT1H", "value": 14}, {"validTime": "2018-03-17T10:00:00+00:00/PT1H", "value": 17}, {"validTime": "2018-03-17T11:00:00+00:00/PT1H", "value": 24}, {"validTime": "2018-03-17T12:00:00+00:00/PT1H", "value": 27}, {"validTime": "2018-03-17T13:00:00+00:00/PT1H", "value": 32}, {"validTime": "2018-03-17T14:00:00+00:00/PT1H", "value": 42}, {"validTime": "2018-03-17T15:00:00+00:00/PT1H", "value": 47}, {"validTime": "2018-03-17T16:00:00+00:00/PT1H", "value": 49}, {"validTime": "2018-03-17T17:00:00+00:00/PT1H", "value": 54}, {"validTime": "2018-03-17T18:00:00+00:00/PT1H", "value": 56}, {"validTime": "2018-03-17T19:00:00+00:00/PT1H", "value": 57}, {"validTime": "2018-03-17T20:00:00+00:00/PT1H", "value": 58}, {"validTime": "2018-03-17T21:00:00+00:00/PT1H", "value": 59}, {"validTime": "2018-03-17T22:00:00+00:00/PT1H", "value": 57}, {"validTime": "2018-03-17T23:00:00+00:00/PT1H", "value": 54}, {"validTime": "2018-03-18T00:00:00+00:00/PT1H", "value": 52}, {"validTime": "2018-03-18T01:00:00+00:00/PT1H", "value": 50}, {"validTime": "2018-03-18T02:00:00+00:00/PT1H", "value": 45}, {"validTime": "2018-03-18T03:00:00+00:00/PT1H", "value": 41}, {"validTime": "2018-03-18T04:00:00+00:00/PT1H", "value": 36}, {"validTime": "2018-03-18T05:00:00+00:00/PT1H", "value": 31}, {"validTime": "2018-03-18T06:00:00+00:00/PT1H", "value": 29}, {"validTime": "2018-03-18T07:00:00+00:00/PT1H", "value": 28}, {"validTime": "2018-03-18T08:00:00+00:00/PT1H", "value": 27}, {"validTime": "2018-03-18T09:00:00+00:00/PT1H", "value": 25}, {"validTime": "2018-03-18T10:00:00+00:00/PT1H", "value": 23}, {"validTime": "2018-03-18T11:00:00+00:00/PT1H", "value": 22}, {"validTime": "2018-03-18T12:00:00+00:00/PT1H", "value": 21}, {"validTime": "2018-03-18T13:00:00+00:00/PT1H", "value": 20}, {"validTime": "2018-03-18T14:00:00+00:00/PT1H", "value": 18}, {"validTime": "2018-03-18T15:00:00+00:00/PT1H", "value": 16}, {"validTime": "2018-03-18T16:00:00+00:00/PT1H", "value": 14}, {"validTime": "2018-03-18T17:00:00+00:00/PT1H", "value": 12}, {"validTime": "2018-03-18T18:00:00+00:00/PT2H", "value": 11}, {"validTime": "2018-03-18T20:00:00+00:00/PT3H", "value": 12}, {"validTime": "2018-03-18T23:00:00+00:00/PT4H", "value": 13}, {"validTime": "2018-03-19T03:00:00+00:00/PT4H", "value": 14}, {"validTime": "2018-03-19T07:00:00+00:00/PT1H", "value": 17}, {"validTime": "2018-03-19T08:00:00+00:00/PT1H", "value": 22}, {"validTime": "2018-03-19T09:00:00+00:00/PT1H", "value": 28}, {"validTime": "2018-03-19T10:00:00+00:00/PT1H", "value": 34}, {"validTime": "2018-03-19T11:00:00+00:00/PT1H", "value": 39}, {"validTime": "2018-03-19T12:00:00+00:00/PT1H", "value": 42}, {"validTime": "2018-03-19T13:00:00+00:00/PT1H", "value": 44}, {"validTime": "2018-03-19T14:00:00+00:00/PT1H", "value": 47}, {"validTime": "2018-03-19T15:00:00+00:00/PT1H", "value": 50}, {"validTime": "2018-03-19T16:00:00+00:00/PT1H", "value": 53}, {"validTime": "2018-03-19T17:00:00+00:00/PT1H", "value": 56}, {"validTime": "2018-03-19T18:00:00+00:00/PT1H", "value": 58}, {"validTime": "2018-03-19T19:00:00+00:00/PT1H", "value": 59}, {"validTime": "2018-03-19T20:00:00+00:00/PT1H", "value": 62}, {"validTime": "2018-03-19T21:00:00+00:00/PT1H", "value": 64}, {"validTime": "2018-03-19T22:00:00+00:00/PT1H", "value": 66}, {"validTime": "2018-03-19T23:00:00+00:00/PT1H", "value": 69}, {"validTime": "2018-03-20T00:00:00+00:00/PT1H", "value": 70}, {"validTime": "2018-03-20T01:00:00+00:00/PT1H", "value": 72}, {"validTime": "2018-03-20T02:00:00+00:00/PT1H", "value": 75}, {"validTime": "2018-03-20T03:00:00+00:00/PT1H", "value": 78}, {"validTime": "2018-03-20T04:00:00+00:00/PT1H", "value": 81}, {"validTime": "2018-03-20T05:00:00+00:00/PT1H", "value": 84}, {"validTime": "2018-03-20T06:00:00+00:00/PT2H", "value": 86}, {"validTime": "2018-03-20T08:00:00+00:00/PT1H", "value": 87}, {"validTime": "2018-03-20T09:00:00+00:00/PT2H", "value": 88}, {"validTime": "2018-03-20T11:00:00+00:00/PT2H", "value": 89}, {"validTime": "2018-03-20T13:00:00+00:00/PT1H", "value": 88}, {"validTime": "2018-03-20T14:00:00+00:00/PT1H", "value": 87}, {"validTime": "2018-03-20T15:00:00+00:00/PT1H", "value": 86}, {"validTime": "2018-03-20T16:00:00+00:00/PT1H", "value": 85}, {"validTime": "2018-03-20T17:00:00+00:00/PT1H", "value": 84}, {"validTime": "2018-03-20T18:00:00+00:00/PT1H", "value": 83}, {"validTime": "2018-03-20T19:00:00+00:00/PT1H", "value": 82}, {"validTime": "2018-03-20T20:00:00+00:00/PT1H", "value": 81}, {"validTime": "2018-03-20T21:00:00+00:00/PT1H", "value": 80}, {"validTime": "2018-03-20T22:00:00+00:00/PT1H", "value": 78}, {"validTime": "2018-03-20T23:00:00+00:00/PT1H", "value": 77}, {"validTime": "2018-03-21T00:00:00+00:00/PT1H", "value": 76}, {"validTime": "2018-03-21T01:00:00+00:00/PT1H", "value": 74}, {"validTime": "2018-03-21T02:00:00+00:00/PT1H", "value": 69}, {"validTime": "2018-03-21T03:00:00+00:00/PT1H", "value": 65}, {"validTime": "2018-03-21T04:00:00+00:00/PT1H", "value": 61}, {"validTime": "2018-03-21T05:00:00+00:00/PT1H", "value": 56}, {"validTime": "2018-03-21T06:00:00+00:00/PT2H", "value": 54}, {"validTime": "2018-03-21T08:00:00+00:00/PT3H", "value": 53}, {"validTime": "2018-03-21T11:00:00+00:00/PT3H", "value": 52}, {"validTime": "2018-03-21T14:00:00+00:00/PT2H", "value": 51}, {"validTime": "2018-03-21T16:00:00+00:00/PT1H", "value": 50}, {"validTime": "2018-03-21T17:00:00+00:00/PT3H", "value": 49}, {"validTime": "2018-03-21T20:00:00+00:00/PT1H", "value": 48}, {"validTime": "2018-03-21T21:00:00+00:00/PT1H", "value": 47}, {"validTime": "2018-03-21T22:00:00+00:00/PT1H", "value": 46}, {"validTime": "2018-03-21T23:00:00+00:00/PT2H", "value": 45}]}, "windDirection": {"sourceUnit": "degrees", "uom": "unit:degree_(angle)", "values": [{"validTime": "2018-03-14T17:00:00+00:00/PT5H", "value": 300}, {"validTime": "2018-03-14T22:00:00+00:00/PT4H", "value": 290}, {"validTime": "2018-03-15T02:00:00+00:00/PT5H", "value": 280}, {"validTime": "2018-03-15T07:00:00+00:00/PT1H", "value": 270}, {"validTime": "2018-03-15T08:00:00+00:00/PT2H", "value": 260}, {"validTime": "2018-03-15T10:00:00+00:00/PT1H", "value": 250}, {"validTime": "2018-03-15T11:00:00+00:00/PT1H", "value": 240}, {"validTime": "2018-03-15T12:00:00+00:00/PT2H", "value": 230}, {"validTime": "2018-03-15T14:00:00+00:00/PT2H", "value": 240}, {"validTime": "2018-03-15T16:00:00+00:00/PT1H", "value": 250}, {"validTime": "2018-03-15T17:00:00+00:00/PT1H", "value": 260}, {"validTime": "2018-03-15T18:00:00+00:00/PT1H", "value": 270}, {"validTime": "2018-03-15T19:00:00+00:00/PT1H", "value": 280}, {"validTime": "2018-03-15T20:00:00+00:00/PT2H", "value": 290}, {"validTime": "2018-03-15T22:00:00+00:00/PT4H", "value": 300}, {"validTime": "2018-03-16T02:00:00+00:00/PT4H", "value": 310}, {"validTime": "2018-03-16T06:00:00+00:00/PT8H", "value": 300}, {"validTime": "2018-03-16T14:00:00+00:00/PT13H", "value": 310}, {"validTime": "2018-03-17T03:00:00+00:00/PT2H", "value": 320}, {"validTime": "2018-03-17T05:00:00+00:00/PT5H", "value": 310}, {"validTime": "2018-03-17T10:00:00+00:00/PT2H", "value": 300}, {"validTime": "2018-03-17T12:00:00+00:00/PT1H", "value": 290}, {"validTime": "2018-03-17T13:00:00+00:00/PT1H", "value": 280}, {"validTime": "2018-03-17T14:00:00+00:00/PT1H", "value": 270}, {"validTime": "2018-03-17T15:00:00+00:00/PT5H", "value": 260}, {"validTime": "2018-03-17T20:00:00+00:00/PT5H", "value": 270}, {"validTime": "2018-03-18T01:00:00+00:00/PT1H", "value": 280}, {"validTime": "2018-03-18T02:00:00+00:00/PT1H", "value": 290}, {"validTime": "2018-03-18T03:00:00+00:00/PT1H", "value": 310}, {"validTime": "2018-03-18T04:00:00+00:00/PT1H", "value": 320}, {"validTime": "2018-03-18T05:00:00+00:00/PT4H", "value": 340}, {"validTime": "2018-03-18T09:00:00+00:00/PT4H", "value": 350}, {"validTime": "2018-03-18T13:00:00+00:00/PT2H", "value": 340}, {"validTime": "2018-03-18T15:00:00+00:00/PT2H", "value": 330}, {"validTime": "2018-03-18T17:00:00+00:00/PT3H", "value": 320}, {"validTime": "2018-03-18T20:00:00+00:00/PT1H", "value": 310}, {"validTime": "2018-03-18T21:00:00+00:00/PT1H", "value": 300}, {"validTime": "2018-03-18T22:00:00+00:00/PT1H", "value": 290}, {"validTime": "2018-03-18T23:00:00+00:00/PT5H", "value": 280}, {"validTime": "2018-03-19T04:00:00+00:00/PT3H", "value": 270}, {"validTime": "2018-03-19T07:00:00+00:00/PT1H", "value": 290}, {"validTime": "2018-03-19T08:00:00+00:00/PT1H", "value": 310}, {"validTime": "2018-03-19T09:00:00+00:00/PT1H", "value": 340}, {"validTime": "2018-03-19T10:00:00+00:00/PT1H", "value": 10}, {"validTime": "2018-03-19T11:00:00+00:00/PT1H", "value": 40}, {"validTime": "2018-03-19T12:00:00+00:00/PT1H", "value": 50}, {"validTime": "2018-03-19T13:00:00+00:00/PT1H", "value": 60}, {"validTime": "2018-03-19T14:00:00+00:00/PT1H", "value": 80}, {"validTime": "2018-03-19T15:00:00+00:00/PT1H", "value": 90}, {"validTime": "2018-03-19T16:00:00+00:00/PT1H", "value": 100}, {"validTime": "2018-03-19T17:00:00+00:00/PT1H", "value": 120}, {"validTime": "2018-03-19T18:00:00+00:00/PT2H", "value": 130}, {"validTime": "2018-03-19T20:00:00+00:00/PT5H", "value": 120}, {"validTime": "2018-03-20T01:00:00+00:00/PT2H", "value": 110}, {"validTime": "2018-03-20T03:00:00+00:00/PT2H", "value": 100}, {"validTime": "2018-03-20T05:00:00+00:00/PT3H", "value": 90}, {"validTime": "2018-03-20T08:00:00+00:00/PT2H", "value": 80}, {"validTime": "2018-03-20T10:00:00+00:00/PT2H", "value": 70}, {"validTime": "2018-03-20T12:00:00+00:00/PT2H", "value": 60}, {"validTime": "2018-03-20T14:00:00+00:00/PT1H", "value": 50}, {"validTime": "2018-03-20T15:00:00+00:00/PT1H", "value": 40}, {"validTime": "2018-03-20T16:00:00+00:00/PT1H", "value": 30}, {"validTime": "2018-03-20T17:00:00+00:00/PT1H", "value": 20}, {"validTime": "2018-03-20T18:00:00+00:00/PT2H", "value": 10}, {"validTime": "2018-03-20T20:00:00+00:00/PT2H", "value": 0}, {"validTime": "2018-03-20T22:00:00+00:00/PT3H", "value": 350}, {"validTime": "2018-03-21T01:00:00+00:00/PT3H", "value": 340}, {"validTime": "2018-03-21T04:00:00+00:00/PT4H", "value": 330}, {"validTime": "2018-03-21T08:00:00+00:00/PT7H", "value": 320}, {"validTime": "2018-03-21T15:00:00+00:00/PT3H", "value": 310}, {"validTime": "2018-03-21T18:00:00+00:00/PT1H", "value": 300}, {"validTime": "2018-03-21T19:00:00+00:00/PT4H", "value": 310}, {"validTime": "2018-03-21T23:00:00+00:00/PT2H", "value": 320}]}, "windSpeed": {"sourceUnit": "kts", "uom": "unit:m_s-1", "values": [{"validTime": "2018-03-14T17:00:00+00:00/PT2H", "value": 8.231104}, {"validTime": "2018-03-14T19:00:00+00:00/PT1H", "value": 8.745548}, {"validTime": "2018-03-14T20:00:00+00:00/PT2H", "value": 9.259992}, {"validTime": "2018-03-14T22:00:00+00:00/PT3H", "value": 8.745548}, {"validTime": "2018-03-15T01:00:00+00:00/PT1H", "value": 8.231104}, {"validTime": "2018-03-15T02:00:00+00:00/PT1H", "value": 7.71666}, {"validTime": "2018-03-15T03:00:00+00:00/PT1H", "value": 7.202216}, {"validTime": "2018-03-15T04:00:00+00:00/PT1H", "value": 6.687772}, {"validTime": "2018-03-15T05:00:00+00:00/PT1H", "value": 6.173328}, {"validTime": "2018-03-15T06:00:00+00:00/PT1H", "value": 5.658884}, {"validTime": "2018-03-15T07:00:00+00:00/PT1H", "value": 5.14444}, {"validTime": "2018-03-15T08:00:00+00:00/PT1H", "value": 4.629996}, {"validTime": "2018-03-15T09:00:00+00:00/PT5H", "value": 4.115552}, {"validTime": "2018-03-15T14:00:00+00:00/PT1H", "value": 4.629996}, {"validTime": "2018-03-15T15:00:00+00:00/PT1H", "value": 5.14444}, {"validTime": "2018-03-15T16:00:00+00:00/PT2H", "value": 5.658884}, {"validTime": "2018-03-15T18:00:00+00:00/PT1H", "value": 6.173328}, {"validTime": "2018-03-15T19:00:00+00:00/PT1H", "value": 6.687772}, {"validTime": "2018-03-15T20:00:00+00:00/PT1H", "value": 7.71666}, {"validTime": "2018-03-15T21:00:00+00:00/PT2H", "value": 8.231104}, {"validTime": "2018-03-15T23:00:00+00:00/PT1H", "value": 7.202216}, {"validTime": "2018-03-16T00:00:00+00:00/PT1H", "value": 6.687772}, {"validTime": "2018-03-16T01:00:00+00:00/PT2H", "value": 6.173328}, {"validTime": "2018-03-16T03:00:00+00:00/PT1H", "value": 5.658884}, {"validTime": "2018-03-16T04:00:00+00:00/PT1H", "value": 5.14444}, {"validTime": "2018-03-16T05:00:00+00:00/PT1H", "value": 4.629996}, {"validTime": "2018-03-16T06:00:00+00:00/PT7H", "value": 4.115552}, {"validTime": "2018-03-16T13:00:00+00:00/PT1H", "value": 4.629996}, {"validTime": "2018-03-16T14:00:00+00:00/PT1H", "value": 5.658884}, {"validTime": "2018-03-16T15:00:00+00:00/PT1H", "value": 6.687772}, {"validTime": "2018-03-16T16:00:00+00:00/PT3H", "value": 7.202216}, {"validTime": "2018-03-16T19:00:00+00:00/PT3H", "value": 7.71666}, {"validTime": "2018-03-16T22:00:00+00:00/PT1H", "value": 6.687772}, {"validTime": "2018-03-16T23:00:00+00:00/PT1H", "value": 5.658884}, {"validTime": "2018-03-17T00:00:00+00:00/PT4H", "value": 4.629996}, {"validTime": "2018-03-17T04:00:00+00:00/PT1H", "value": 4.115552}, {"validTime": "2018-03-17T05:00:00+00:00/PT1H", "value": 3.086664}, {"validTime": "2018-03-17T06:00:00+00:00/PT1H", "value": 2.57222}, {"validTime": "2018-03-17T07:00:00+00:00/PT4H", "value": 2.057776}, {"validTime": "2018-03-17T11:00:00+00:00/PT3H", "value": 2.57222}, {"validTime": "2018-03-17T14:00:00+00:00/PT3H", "value": 3.086664}, {"validTime": "2018-03-17T17:00:00+00:00/PT6H", "value": 2.57222}, {"validTime": "2018-03-17T23:00:00+00:00/PT10H", "value": 2.057776}, {"validTime": "2018-03-18T09:00:00+00:00/PT6H", "value": 1.543332}, {"validTime": "2018-03-18T15:00:00+00:00/PT7H", "value": 2.057776}, {"validTime": "2018-03-18T22:00:00+00:00/PT5H", "value": 1.543332}, {"validTime": "2018-03-19T03:00:00+00:00/PT7H", "value": 1.028888}, {"validTime": "2018-03-19T10:00:00+00:00/PT6H", "value": 1.543332}, {"validTime": "2018-03-19T16:00:00+00:00/PT4H", "value": 2.057776}, {"validTime": "2018-03-19T20:00:00+00:00/PT3H", "value": 2.57222}, {"validTime": "2018-03-19T23:00:00+00:00/PT10H", "value": 3.086664}, {"validTime": "2018-03-20T09:00:00+00:00/PT6H", "value": 2.57222}, {"validTime": "2018-03-20T15:00:00+00:00/PT2H", "value": 3.086664}, {"validTime": "2018-03-20T17:00:00+00:00/PT4H", "value": 3.601108}, {"validTime": "2018-03-20T21:00:00+00:00/PT6H", "value": 4.115552}, {"validTime": "2018-03-21T03:00:00+00:00/PT11H", "value": 4.629996}, {"validTime": "2018-03-21T14:00:00+00:00/PT3H", "value": 5.14444}, {"validTime": "2018-03-21T17:00:00+00:00/PT6H", "value": 5.658884}, {"validTime": "2018-03-21T23:00:00+00:00/PT2H", "value": 5.14444}]}, "windGust": {"sourceUnit": "kts", "uom": "unit:m_s-1", "values": [{"validTime": "2018-03-14T17:00:00+00:00/PT1H", "value": 13.889988}, {"validTime": "2018-03-14T18:00:00+00:00/PT1H", "value": 14.404432}, {"validTime": "2018-03-14T19:00:00+00:00/PT1H", "value": 14.918876}, {"validTime": "2018-03-14T20:00:00+00:00/PT2H", "value": 15.947764}, {"validTime": "2018-03-14T22:00:00+00:00/PT1H", "value": 14.918876}, {"validTime": "2018-03-14T23:00:00+00:00/PT2H", "value": 15.43332}, {"validTime": "2018-03-15T01:00:00+00:00/PT1H", "value": 14.404432}, {"validTime": "2018-03-15T02:00:00+00:00/PT1H", "value": 13.375544}, {"validTime": "2018-03-15T03:00:00+00:00/PT1H", "value": 12.346656}, {"validTime": "2018-03-15T04:00:00+00:00/PT1H", "value": 11.317768}, {"validTime": "2018-03-15T05:00:00+00:00/PT1H", "value": 10.28888}, {"validTime": "2018-03-15T06:00:00+00:00/PT1H", "value": 9.259992}, {"validTime": "2018-03-15T07:00:00+00:00/PT1H", "value": 8.231104}, {"validTime": "2018-03-15T08:00:00+00:00/PT1H", "value": 7.71666}, {"validTime": "2018-03-15T09:00:00+00:00/PT1H", "value": 7.202216}, {"validTime": "2018-03-15T10:00:00+00:00/PT2H", "value": 6.687772}, {"validTime": "2018-03-15T12:00:00+00:00/PT2H", "value": 7.202216}, {"validTime": "2018-03-15T14:00:00+00:00/PT1H", "value": 7.71666}, {"validTime": "2018-03-15T15:00:00+00:00/PT1H", "value": 8.231104}, {"validTime": "2018-03-15T16:00:00+00:00/PT2H", "value": 9.259992}, {"validTime": "2018-03-15T18:00:00+00:00/PT1H", "value": 10.803324}, {"validTime": "2018-03-15T19:00:00+00:00/PT1H", "value": 12.346656}, {"validTime": "2018-03-15T20:00:00+00:00/PT1H", "value": 13.889988}, {"validTime": "2018-03-15T21:00:00+00:00/PT1H", "value": 14.404432}, {"validTime": "2018-03-15T22:00:00+00:00/PT1H", "value": 13.889988}, {"validTime": "2018-03-15T23:00:00+00:00/PT1H", "value": 12.8611}, {"validTime": "2018-03-16T00:00:00+00:00/PT1H", "value": 11.317768}, {"validTime": "2018-03-16T01:00:00+00:00/PT2H", "value": 10.28888}, {"validTime": "2018-03-16T03:00:00+00:00/PT1H", "value": 9.774436}, {"validTime": "2018-03-16T04:00:00+00:00/PT1H", "value": 8.745548}, {"validTime": "2018-03-16T05:00:00+00:00/PT1H", "value": 7.71666}, {"validTime": "2018-03-16T06:00:00+00:00/PT2H", "value": 6.687772}, {"validTime": "2018-03-16T08:00:00+00:00/PT3H", "value": 7.202216}, {"validTime": "2018-03-16T11:00:00+00:00/PT1H", "value": 6.687772}, {"validTime": "2018-03-16T12:00:00+00:00/PT1H", "value": 7.202216}, {"validTime": "2018-03-16T13:00:00+00:00/PT1H", "value": 8.231104}, {"validTime": "2018-03-16T14:00:00+00:00/PT1H", "value": 9.774436}, {"validTime": "2018-03-16T15:00:00+00:00/PT1H", "value": 11.832212}, {"validTime": "2018-03-16T16:00:00+00:00/PT3H", "value": 12.346656}, {"validTime": "2018-03-16T19:00:00+00:00/PT3H", "value": 12.8611}, {"validTime": "2018-03-16T22:00:00+00:00/PT1H", "value": 11.832212}, {"validTime": "2018-03-16T23:00:00+00:00/PT1H", "value": 9.774436}, {"validTime": "2018-03-17T00:00:00+00:00/PT1H", "value": 8.231104}, {"validTime": "2018-03-17T01:00:00+00:00/PT3H", "value": 7.71666}, {"validTime": "2018-03-17T04:00:00+00:00/PT1H", "value": 6.687772}, {"validTime": "2018-03-17T05:00:00+00:00/PT1H", "value": 5.658884}, {"validTime": "2018-03-17T06:00:00+00:00/PT1H", "value": 4.629996}, {"validTime": "2018-03-17T07:00:00+00:00/PT4H", "value": 4.115552}, {"validTime": "2018-03-17T11:00:00+00:00/PT1H", "value": 4.629996}, {"validTime": "2018-03-17T12:00:00+00:00/PT2H", "value": 4.115552}, {"validTime": "2018-03-17T14:00:00+00:00/PT6H", "value": 4.629996}, {"validTime": "2018-03-17T20:00:00+00:00/PT2H", "value": 4.115552}, {"validTime": "2018-03-17T22:00:00+00:00/PT2H", "value": 3.601108}, {"validTime": "2018-03-18T00:00:00+00:00/PT5H", "value": 3.086664}, {"validTime": "2018-03-18T05:00:00+00:00/PT5H", "value": 3.601108}, {"validTime": "2018-03-18T10:00:00+00:00/PT5H", "value": 3.086664}, {"validTime": "2018-03-18T15:00:00+00:00/PT7H", "value": 3.601108}, {"validTime": "2018-03-18T22:00:00+00:00/PT5H", "value": 3.086664}, {"validTime": "2018-03-19T03:00:00+00:00/PT8H", "value": 2.57222}, {"validTime": "2018-03-19T11:00:00+00:00/PT3H", "value": 3.086664}, {"validTime": "2018-03-19T14:00:00+00:00/PT2H", "value": 3.601108}, {"validTime": "2018-03-19T16:00:00+00:00/PT6H", "value": 4.115552}, {"validTime": "2018-03-19T22:00:00+00:00/PT4H", "value": 3.601108}, {"validTime": "2018-03-20T02:00:00+00:00/PT3H", "value": 4.115552}, {"validTime": "2018-03-20T05:00:00+00:00/PT8H", "value": 4.629996}, {"validTime": "2018-03-20T13:00:00+00:00/PT2H", "value": 5.14444}, {"validTime": "2018-03-20T15:00:00+00:00/PT1H", "value": 5.658884}, {"validTime": "2018-03-20T16:00:00+00:00/PT2H", "value": 6.173328}, {"validTime": "2018-03-20T18:00:00+00:00/PT2H", "value": 6.687772}, {"validTime": "2018-03-20T20:00:00+00:00/PT6H", "value": 7.202216}, {"validTime": "2018-03-21T02:00:00+00:00/PT2H", "value": 7.71666}, {"validTime": "2018-03-21T04:00:00+00:00/PT3H", "value": 8.231104}, {"validTime": "2018-03-21T07:00:00+00:00/PT1H", "value": 7.71666}, {"validTime": "2018-03-21T08:00:00+00:00/PT2H", "value": 7.202216}, {"validTime": "2018-03-21T10:00:00+00:00/PT1H", "value": 6.687772}, {"validTime": "2018-03-21T11:00:00+00:00/PT2H", "value": 6.173328}, {"validTime": "2018-03-21T13:00:00+00:00/PT1H", "value": 6.687772}, {"validTime": "2018-03-21T14:00:00+00:00/PT1H", "value": 7.202216}, {"validTime": "2018-03-21T15:00:00+00:00/PT1H", "value": 8.231104}, {"validTime": "2018-03-21T16:00:00+00:00/PT1H", "value": 9.259992}, {"validTime": "2018-03-21T17:00:00+00:00/PT1H", "value": 9.774436}, {"validTime": "2018-03-21T18:00:00+00:00/PT3H", "value": 10.28888}, {"validTime": "2018-03-21T21:00:00+00:00/PT1H", "value": 9.774436}, {"validTime": "2018-03-21T22:00:00+00:00/PT1H", "value": 9.259992}, {"validTime": "2018-03-21T23:00:00+00:00/PT1H", "value": 8.231104}, {"validTime": "2018-03-22T00:00:00+00:00/PT1H", "value": 7.71666}]}, "weather": {"values": [{"validTime": "2018-03-14T17:00:00+00:00/PT19H", "value": [{"coverage": null, "weather": null, "intensity": null, "visibility": null, "attributes": null}]}, {"validTime": "2018-03-15T12:00:00+00:00/PT3H", "value": [{"coverage": "scattered", "weather": "snow_showers", "intensity": "very_light", "visibility": null, "attributes": null}]}, {"validTime": "2018-03-15T15:00:00+00:00/PT3H", "value": [{"coverage": "scattered", "weather": "rain_showers", "intensity": "very_light", "visibility": null, "attributes": null}, {"coverage": "scattered", "weather": "snow_showers", "intensity": "very_light", "visibility": null, "attributes": null}]}, {"validTime": "2018-03-15T18:00:00+00:00/PT3H", "value": [{"coverage": "scattered", "weather": "rain_showers", "intensity": "very_light", "visibility": null, "attributes": null}]}, {"validTime": "2018-03-15T21:00:00+00:00/P1DT21H", "value": [{"coverage": null, "weather": null, "intensity": null, "visibility": null, "attributes": null}]}, {"validTime": "2018-03-17T18:00:00+00:00/PT6H", "value": [{"coverage": "slight_chance", "weather": "rain_showers", "intensity": "light", "visibility": null, "attributes": null}]}, {"validTime": "2018-03-18T00:00:00+00:00/P1DT12H", "value": [{"coverage": null, "weather": null, "intensity": null, "visibility": null, "attributes": null}]}, {"validTime": "2018-03-19T12:00:00+00:00/PT12H", "value": [{"coverage": "chance", "weather": "rain", "intensity": "light", "visibility": null, "attributes": null}]}, {"validTime": "2018-03-20T00:00:00+00:00/PT6H", "value": [{"coverage": "likely", "weather": "rain", "intensity": "light", "visibility": null, "attributes": null}]}, {"validTime": "2018-03-20T06:00:00+00:00/PT6H", "value": [{"coverage": "likely", "weather": "rain_showers", "intensity": "light", "visibility": null, "attributes": null}]}, {"validTime": "2018-03-20T12:00:00+00:00/PT12H", "value": [{"coverage": "likely", "weather": "rain", "intensity": "light", "visibility": null, "attributes": null}]}, {"validTime": "2018-03-21T00:00:00+00:00/PT6H", "value": [{"coverage": "chance", "weather": "rain_showers", "intensity": "light", "visibility": null, "attributes": []}, {"coverage": "chance", "weather": "snow_showers", "intensity": "light", "visibility": null, "attributes": null}]}, {"validTime": "2018-03-21T06:00:00+00:00/PT6H", "value": [{"coverage": "chance", "weather": "snow_showers", "intensity": "light", "visibility": null, "attributes": null}]}, {"validTime": "2018-03-21T12:00:00+00:00/PT12H", "value": [{"coverage": "chance", "weather": "rain_showers", "intensity": "light", "visibility": null, "attributes": null}]}, {"validTime": "2018-03-22T00:00:00+00:00/PT6H", "value": [{"coverage": null, "weather": null, "intensity": null, "visibility": null, "attributes": null}]}]}, "hazards": {"values": []}, "probabilityOfPrecipitation": {"sourceUnit": "%", "uom": "unit:percent", "values": [{"validTime": "2018-03-14T17:00:00+00:00/PT1H", "value": 8}, {"validTime": "2018-03-14T18:00:00+00:00/PT6H", "value": 9}, {"validTime": "2018-03-15T00:00:00+00:00/PT6H", "value": 8}, {"validTime": "2018-03-15T06:00:00+00:00/PT3H", "value": 4}, {"validTime": "2018-03-15T09:00:00+00:00/PT3H", "value": 8}, {"validTime": "2018-03-15T12:00:00+00:00/PT3H", "value": 10}, {"validTime": "2018-03-15T15:00:00+00:00/PT3H", "value": 13}, {"validTime": "2018-03-15T18:00:00+00:00/PT3H", "value": 14}, {"validTime": "2018-03-15T21:00:00+00:00/PT3H", "value": 13}, {"validTime": "2018-03-16T00:00:00+00:00/PT12H", "value": 8}, {"validTime": "2018-03-16T12:00:00+00:00/PT12H", "value": 6}, {"validTime": "2018-03-17T00:00:00+00:00/PT6H", "value": 4}, {"validTime": "2018-03-17T06:00:00+00:00/PT6H", "value": 7}, {"validTime": "2018-03-17T12:00:00+00:00/PT6H", "value": 14}, {"validTime": "2018-03-17T18:00:00+00:00/PT6H", "value": 21}, {"validTime": "2018-03-18T00:00:00+00:00/PT12H", "value": 8}, {"validTime": "2018-03-18T12:00:00+00:00/P1D", "value": 4}, {"validTime": "2018-03-19T12:00:00+00:00/PT12H", "value": 27}, {"validTime": "2018-03-20T00:00:00+00:00/PT12H", "value": 67}, {"validTime": "2018-03-20T12:00:00+00:00/PT12H", "value": 58}, {"validTime": "2018-03-21T00:00:00+00:00/PT12H", "value": 29}, {"validTime": "2018-03-21T12:00:00+00:00/PT12H", "value": 30}, {"validTime": "2018-03-22T00:00:00+00:00/PT6H", "value": 4}]}, "quantitativePrecipitation": {"sourceUnit": "in", "uom": "unit:mm", "values": [{"validTime": "2018-03-14T17:00:00+00:00/PT1H", "value": 0}, {"validTime": "2018-03-14T18:00:00+00:00/PT6H", "value": 0}, {"validTime": "2018-03-15T00:00:00+00:00/PT6H", "value": 0}, {"validTime": "2018-03-15T06:00:00+00:00/PT6H", "value": 0}, {"validTime": "2018-03-15T12:00:00+00:00/PT6H", "value": 0}, {"validTime": "2018-03-15T18:00:00+00:00/PT6H", "value": 0}, {"validTime": "2018-03-16T00:00:00+00:00/PT6H", "value": 0}, {"validTime": "2018-03-16T06:00:00+00:00/PT6H", "value": 0}, {"validTime": "2018-03-16T12:00:00+00:00/PT6H", "value": 0}, {"validTime": "2018-03-16T18:00:00+00:00/PT6H", "value": 0}, {"validTime": "2018-03-17T00:00:00+00:00/PT6H", "value": 0}, {"validTime": "2018-03-17T06:00:00+00:00/PT6H", "value": 0}, {"validTime": "2018-03-17T12:00:00+00:00/PT6H", "value": 0}, {"validTime": "2018-03-17T18:00:00+00:00/PT6H", "value": 0}]}, "iceAccumulation": {"sourceUnit": "in", "uom": "unit:mm", "values": [{"validTime": "2018-03-14T17:00:00+00:00/PT1H", "value": 0}, {"validTime": "2018-03-14T18:00:00+00:00/PT6H", "value": 0}, {"validTime": "2018-03-15T00:00:00+00:00/PT6H", "value": 0}, {"validTime": "2018-03-15T06:00:00+00:00/PT6H", "value": 0}, {"validTime": "2018-03-15T12:00:00+00:00/PT6H", "value": 0}, {"validTime": "2018-03-15T18:00:00+00:00/PT6H", "value": 0}, {"validTime": "2018-03-16T00:00:00+00:00/PT6H", "value": 0}, {"validTime": "2018-03-16T06:00:00+00:00/PT6H", "value": 0}, {"validTime": "2018-03-16T12:00:00+00:00/PT6H", "value": 0}, {"validTime": "2018-03-16T18:00:00+00:00/PT6H", "value": 0}, {"validTime": "2018-03-17T00:00:00+00:00/PT6H", "value": 0}, {"validTime": "2018-03-17T06:00:00+00:00/PT6H", "value": 0}, {"validTime": "2018-03-17T12:00:00+00:00/PT6H", "value": 0}, {"validTime": "2018-03-17T18:00:00+00:00/PT6H", "value": 0}]}, "snowfallAmount": {"sourceUnit": "in", "uom": "unit:mm", "values": [{"validTime": "2018-03-14T17:00:00+00:00/PT1H", "value": 0}, {"validTime": "2018-03-14T18:00:00+00:00/PT6H", "value": 0}, {"validTime": "2018-03-15T00:00:00+00:00/PT6H", "value": 0}, {"validTime": "2018-03-15T06:00:00+00:00/PT6H", "value": 0}, {"validTime": "2018-03-15T12:00:00+00:00/PT6H", "value": 0}, {"validTime": "2018-03-15T18:00:00+00:00/PT6H", "value": 0}, {"validTime": "2018-03-16T00:00:00+00:00/PT6H", "value": 0}, {"validTime": "2018-03-16T06:00:00+00:00/PT6H", "value": 0}, {"validTime": "2018-03-16T12:00:00+00:00/PT6H", "value": 0}, {"validTime": "2018-03-16T18:00:00+00:00/PT6H", "value": 0}, {"validTime": "2018-03-17T00:00:00+00:00/PT6H", "value": 0}, {"validTime": "2018-03-17T06:00:00+00:00/PT6H", "value": 0}, {"validTime": "2018-03-17T12:00:00+00:00/PT6H", "value": 0}, {"validTime": "2018-03-17T18:00:00+00:00/PT6H", "value": 0}]}, "snowLevel": {"sourceUnit": "ft", "uom": "unit:m", "values": []}, "ceilingHeight": {"sourceUnit": null, "values": []}, "visibility": {"sourceUnit": "mi", "uom": "unit:m", "values": [{"validTime": "2018-03-14T17:00:00+00:00/P3DT1H", "value": 16093.44}, {"validTime": "2018-03-17T18:00:00+00:00/PT6H", "value": 8046.72}, {"validTime": "2018-03-18T00:00:00+00:00/P1DT12H", "value": 16093.44}, {"validTime": "2018-03-19T12:00:00+00:00/P1DT12H", "value": 8046.72}, {"validTime": "2018-03-21T00:00:00+00:00/PT12H", "value": 3218.688}, {"validTime": "2018-03-21T12:00:00+00:00/PT3H", "value": 8046.72}]}, "transportWindSpeed": {"sourceUnit": "kts", "uom": "unit:m_s-1", "values": [{"validTime": "2018-03-14T17:00:00+00:00/PT1H", "value": 13.375544}, {"validTime": "2018-03-14T18:00:00+00:00/PT1H", "value": 12.8611}, {"validTime": "2018-03-14T19:00:00+00:00/PT1H", "value": 13.375544}, {"validTime": "2018-03-14T20:00:00+00:00/PT1H", "value": 14.404432}, {"validTime": "2018-03-14T21:00:00+00:00/PT1H", "value": 14.918876}, {"validTime": "2018-03-14T22:00:00+00:00/PT1H", "value": 15.43332}, {"validTime": "2018-03-14T23:00:00+00:00/PT3H", "value": 15.947764}, {"validTime": "2018-03-15T02:00:00+00:00/PT1H", "value": 15.43332}, {"validTime": "2018-03-15T03:00:00+00:00/PT1H", "value": 14.404432}, {"validTime": "2018-03-15T04:00:00+00:00/PT1H", "value": 12.8611}, {"validTime": "2018-03-15T05:00:00+00:00/PT1H", "value": 10.803324}, {"validTime": "2018-03-15T06:00:00+00:00/PT1H", "value": 9.259992}, {"validTime": "2018-03-15T07:00:00+00:00/PT1H", "value": 7.71666}, {"validTime": "2018-03-15T08:00:00+00:00/PT1H", "value": 6.687772}, {"validTime": "2018-03-15T09:00:00+00:00/PT1H", "value": 6.173328}, {"validTime": "2018-03-15T10:00:00+00:00/PT4H", "value": 5.658884}, {"validTime": "2018-03-15T14:00:00+00:00/PT1H", "value": 6.173328}, {"validTime": "2018-03-15T15:00:00+00:00/PT1H", "value": 7.202216}, {"validTime": "2018-03-15T16:00:00+00:00/PT1H", "value": 8.745548}, {"validTime": "2018-03-15T17:00:00+00:00/PT1H", "value": 10.28888}, {"validTime": "2018-03-15T18:00:00+00:00/PT1H", "value": 11.317768}, {"validTime": "2018-03-15T19:00:00+00:00/PT1H", "value": 11.832212}, {"validTime": "2018-03-15T20:00:00+00:00/PT3H", "value": 12.346656}, {"validTime": "2018-03-15T23:00:00+00:00/PT1H", "value": 11.832212}, {"validTime": "2018-03-16T00:00:00+00:00/PT1H", "value": 12.346656}, {"validTime": "2018-03-16T01:00:00+00:00/PT1H", "value": 13.375544}, {"validTime": "2018-03-16T02:00:00+00:00/PT1H", "value": 14.918876}, {"validTime": "2018-03-16T03:00:00+00:00/PT1H", "value": 15.43332}, {"validTime": "2018-03-16T04:00:00+00:00/PT1H", "value": 14.404432}, {"validTime": "2018-03-16T05:00:00+00:00/PT1H", "value": 11.832212}, {"validTime": "2018-03-16T06:00:00+00:00/PT1H", "value": 9.774436}, {"validTime": "2018-03-16T07:00:00+00:00/PT1H", "value": 7.71666}, {"validTime": "2018-03-16T08:00:00+00:00/PT1H", "value": 6.173328}, {"validTime": "2018-03-16T09:00:00+00:00/PT1H", "value": 5.658884}, {"validTime": "2018-03-16T10:00:00+00:00/PT1H", "value": 7.202216}, {"validTime": "2018-03-16T11:00:00+00:00/PT1H", "value": 9.774436}, {"validTime": "2018-03-16T12:00:00+00:00/PT1H", "value": 11.832212}, {"validTime": "2018-03-16T13:00:00+00:00/PT2H", "value": 12.346656}, {"validTime": "2018-03-16T15:00:00+00:00/PT7H", "value": 11.832212}, {"validTime": "2018-03-16T22:00:00+00:00/PT1H", "value": 11.317768}, {"validTime": "2018-03-16T23:00:00+00:00/PT1H", "value": 10.803324}, {"validTime": "2018-03-17T00:00:00+00:00/PT1H", "value": 10.28888}]}, "transportWindDirection": {"sourceUnit": "degrees", "uom": "unit:degree_(angle)", "values": [{"validTime": "2018-03-14T17:00:00+00:00/PT5H", "value": 300}, {"validTime": "2018-03-14T22:00:00+00:00/PT6H", "value": 290}, {"validTime": "2018-03-15T04:00:00+00:00/PT3H", "value": 280}, {"validTime": "2018-03-15T07:00:00+00:00/PT1H", "value": 270}, {"validTime": "2018-03-15T08:00:00+00:00/PT1H", "value": 260}, {"validTime": "2018-03-15T09:00:00+00:00/PT2H", "value": 250}, {"validTime": "2018-03-15T11:00:00+00:00/PT4H", "value": 240}, {"validTime": "2018-03-15T15:00:00+00:00/PT2H", "value": 250}, {"validTime": "2018-03-15T17:00:00+00:00/PT1H", "value": 260}, {"validTime": "2018-03-15T18:00:00+00:00/PT2H", "value": 270}, {"validTime": "2018-03-15T20:00:00+00:00/PT1H", "value": 280}, {"validTime": "2018-03-15T21:00:00+00:00/PT4H", "value": 290}, {"validTime": "2018-03-16T01:00:00+00:00/PT2H", "value": 300}, {"validTime": "2018-03-16T03:00:00+00:00/PT1H", "value": 310}, {"validTime": "2018-03-16T04:00:00+00:00/PT4H", "value": 300}, {"validTime": "2018-03-16T08:00:00+00:00/PT3H", "value": 290}, {"validTime": "2018-03-16T11:00:00+00:00/PT1H", "value": 300}, {"validTime": "2018-03-16T12:00:00+00:00/PT9H", "value": 310}, {"validTime": "2018-03-16T21:00:00+00:00/PT4H", "value": 300}]}, "mixingHeight": {"sourceUnit": "ft", "uom": "unit:m", "values": [{"validTime": "2018-03-14T17:00:00+00:00/PT1H", "value": 2211.9336}, {"validTime": "2018-03-14T18:00:00+00:00/PT1H", "value": 2695.0416}, {"validTime": "2018-03-14T19:00:00+00:00/PT1H", "value": 2569.464}, {"validTime": "2018-03-14T20:00:00+00:00/PT1H", "value": 2421.9408}, {"validTime": "2018-03-14T21:00:00+00:00/PT1H", "value": 2231.136}, {"validTime": "2018-03-14T22:00:00+00:00/PT1H", "value": 1954.0728}, {"validTime": "2018-03-14T23:00:00+00:00/PT1H", "value": 1648.3584}, {"validTime": "2018-03-15T00:00:00+00:00/PT1H", "value": 1374.0384}, {"validTime": "2018-03-15T01:00:00+00:00/PT1H", "value": 1197.864}, {"validTime": "2018-03-15T02:00:00+00:00/PT1H", "value": 1062.228}, {"validTime": "2018-03-15T03:00:00+00:00/PT1H", "value": 929.9448}, {"validTime": "2018-03-15T04:00:00+00:00/PT1H", "value": 743.1024}, {"validTime": "2018-03-15T05:00:00+00:00/PT1H", "value": 557.1744}, {"validTime": "2018-03-15T06:00:00+00:00/PT1H", "value": 402.6408}, {"validTime": "2018-03-15T07:00:00+00:00/PT1H", "value": 302.9712}, {"validTime": "2018-03-15T08:00:00+00:00/PT1H", "value": 241.4016}, {"validTime": "2018-03-15T09:00:00+00:00/PT1H", "value": 204.216}, {"validTime": "2018-03-15T10:00:00+00:00/PT1H", "value": 136.5504}, {"validTime": "2018-03-15T11:00:00+00:00/PT1H", "value": 103.9368}, {"validTime": "2018-03-15T12:00:00+00:00/PT1H", "value": 148.4376}, {"validTime": "2018-03-15T13:00:00+00:00/PT1H", "value": 264.8712}, {"validTime": "2018-03-15T14:00:00+00:00/PT1H", "value": 477.3168}, {"validTime": "2018-03-15T15:00:00+00:00/PT1H", "value": 792.7848}, {"validTime": "2018-03-15T16:00:00+00:00/PT1H", "value": 1296.924}, {"validTime": "2018-03-15T17:00:00+00:00/PT1H", "value": 1835.8104}, {"validTime": "2018-03-15T18:00:00+00:00/PT1H", "value": 2232.3552}, {"validTime": "2018-03-15T19:00:00+00:00/PT1H", "value": 2347.2648}, {"validTime": "2018-03-15T20:00:00+00:00/PT1H", "value": 2273.5032}, {"validTime": "2018-03-15T21:00:00+00:00/PT1H", "value": 2072.64}, {"validTime": "2018-03-15T22:00:00+00:00/PT1H", "value": 1766.9256}, {"validTime": "2018-03-15T23:00:00+00:00/PT1H", "value": 1412.748}, {"validTime": "2018-03-16T00:00:00+00:00/PT1H", "value": 1145.4384}, {"validTime": "2018-03-16T01:00:00+00:00/PT1H", "value": 1155.192}, {"validTime": "2018-03-16T02:00:00+00:00/PT1H", "value": 1247.2416}, {"validTime": "2018-03-16T03:00:00+00:00/PT1H", "value": 1275.8928}, {"validTime": "2018-03-16T04:00:00+00:00/PT1H", "value": 1056.7416}, {"validTime": "2018-03-16T05:00:00+00:00/PT1H", "value": 759.5616}, {"validTime": "2018-03-16T06:00:00+00:00/PT1H", "value": 492.8616}, {"validTime": "2018-03-16T07:00:00+00:00/PT1H", "value": 316.6872}, {"validTime": "2018-03-16T08:00:00+00:00/PT1H", "value": 230.124}, {"validTime": "2018-03-16T09:00:00+00:00/PT1H", "value": 269.4432}, {"validTime": "2018-03-16T10:00:00+00:00/PT1H", "value": 468.4776}, {"validTime": "2018-03-16T11:00:00+00:00/PT1H", "value": 774.4968}, {"validTime": "2018-03-16T12:00:00+00:00/PT1H", "value": 1102.4616}, {"validTime": "2018-03-16T13:00:00+00:00/PT1H", "value": 1388.0592}, {"validTime": "2018-03-16T14:00:00+00:00/PT1H", "value": 1647.7488}, {"validTime": "2018-03-16T15:00:00+00:00/PT1H", "value": 1846.7832}, {"validTime": "2018-03-16T16:00:00+00:00/PT1H", "value": 1978.4568}, {"validTime": "2018-03-16T17:00:00+00:00/PT1H", "value": 2037.8928}, {"validTime": "2018-03-16T18:00:00+00:00/PT1H", "value": 2030.5776}, {"validTime": "2018-03-16T19:00:00+00:00/PT1H", "value": 1988.2104}, {"validTime": "2018-03-16T20:00:00+00:00/PT1H", "value": 1885.7976}, {"validTime": "2018-03-16T21:00:00+00:00/PT1H", "value": 1733.7024}, {"validTime": "2018-03-16T22:00:00+00:00/PT1H", "value": 1553.2608}, {"validTime": "2018-03-16T23:00:00+00:00/PT1H", "value": 1335.3288}, {"validTime": "2018-03-17T00:00:00+00:00/PT1H", "value": 1098.4992}]}, "hainesIndex": {"values": [{"validTime": "2018-03-14T17:00:00+00:00/PT6H", "value": 4}, {"validTime": "2018-03-14T23:00:00+00:00/PT6H", "value": 3}, {"validTime": "2018-03-15T05:00:00+00:00/PT6H", "value": 4}, {"validTime": "2018-03-15T11:00:00+00:00/PT2H", "value": 5}, {"validTime": "2018-03-15T13:00:00+00:00/PT2H", "value": 4}, {"validTime": "2018-03-15T15:00:00+00:00/PT2H", "value": 3}, {"validTime": "2018-03-15T17:00:00+00:00/PT18H", "value": 4}, {"validTime": "2018-03-16T11:00:00+00:00/PT3H", "value": 3}, {"validTime": "2018-03-16T14:00:00+00:00/PT9H", "value": 4}, {"validTime": "2018-03-16T23:00:00+00:00/PT2H", "value": 5}]}, "lightningActivityLevel": {"values": [{"validTime": "2018-03-14T17:00:00+00:00/P2DT7H", "value": 1}]}, "twentyFootWindSpeed": {"sourceUnit": "kts", "uom": "unit:m_s-1", "values": []}, "twentyFootWindDirection": {"sourceUnit": "degrees", "uom": "unit:degree_(angle)", "values": []}, "waveHeight": {"sourceUnit": "ft", "uom": "unit:m", "values": [{"validTime": "2018-03-14T17:00:00+00:00/P7DT7H", "value": 0}]}, "wavePeriod": {"sourceUnit": "sec", "uom": "unit:s", "values": []}, "waveDirection": {"sourceUnit": "degrees", "uom": "unit:degree_(angle)", "values": []}, "primarySwellHeight": {"sourceUnit": "ft", "uom": "unit:m", "values": []}, "primarySwellDirection": {"sourceUnit": "degrees", "uom": "unit:degree_(angle)", "values": []}, "secondarySwellHeight": {"sourceUnit": "ft", "uom": "unit:m", "values": []}, "secondarySwellDirection": {"sourceUnit": "degrees", "uom": "unit:degree_(angle)", "values": []}, "wavePeriod2": {"sourceUnit": "sec", "uom": "unit:s", "values": []}, "windWaveHeight": {"sourceUnit": "ft", "uom": "unit:m", "values": []}, "dispersionIndex": {"values": []}, "pressure": {"values": []}, "probabilityOfTropicalStormWinds": {"sourceUnit": "%", "uom": "unit:percent", "values": []}, "probabilityOfHurricaneWinds": {"sourceUnit": "%", "uom": "unit:percent", "values": []}, "potentialOf15mphWinds": {"values": []}, "potentialOf25mphWinds": {"values": []}, "potentialOf35mphWinds": {"values": []}, "potentialOf45mphWinds": {"values": []}, "potentialOf20mphWindGusts": {"values": []}, "potentialOf30mphWindGusts": {"values": []}, "potentialOf40mphWindGusts": {"values": []}, "potentialOf50mphWindGusts": {"values": []}, "potentialOf60mphWindGusts": {"values": []}, "grasslandFireDangerIndex": {"values": []}, "probabilityOfThunder": {"values": []}, "davisStabilityIndex": {"values": []}, "atmosphericDispersionIndex": {"values": []}, "lowVisibilityOccurrenceRiskIndex": {"values": []}, "stability": {"values": []}, "redFlagThreatIndex": {"values": []}}}, "hourlyData": {"path": "/gridpoints/LWX/91,71/hourly", "correlationId": "e5f3cf2c-3ca6-4d80-bfd2-7a2e557c04bf", "title": "Not Found", "type": "https://api.weather.gov/problems/NotFound", "status": 404, "detail": "'/gridpoints/LWX/91,71/hourly' is not a valid resource path", "instance": "https://api.weather.gov/requests/e5f3cf2c-3ca6-4d80-bfd2-7a2e557c04bf"}, "forecastData": {"@context": ["https://raw.githubusercontent.com/geojson/geojson-ld/master/contexts/geojson-base.jsonld", {"wx": "https://api.weather.gov/ontology#", "geo": "http://www.opengis.net/ont/geosparql#", "unit": "http://codes.wmo.int/common/unit/", "@vocab": "https://api.weather.gov/ontology#"}], "type": "Feature", "geometry": {"type": "GeometryCollection", "geometries": [{"type": "Point", "coordinates": [-77.162052452329, 38.924879348246]}, {"type": "Polygon", "coordinates": [[[-77.174296814847, 38.937304937984], [-77.178027353617, 38.91535736126], [-77.149810974653, 38.912452185863], [-77.146074666646, 38.934399452257], [-77.174296814847, 38.937304937984]]]}]}, "properties": {"updated": "2018-03-14T23:28:11+00:00", "units": "us", "forecastGenerator": "BaselineForecastGenerator", "generatedAt": "2018-03-14T23:38:03+00:00", "updateTime": "2018-03-14T23:28:11+00:00", "validTimes": "2018-03-14T17:00:00+00:00/P7DT8H", "elevation": {"value": 91.1352, "unitCode": "unit:m"}, "periods": [{"number": 1, "name": "Tonight", "startTime": "2018-03-14T19:00:00-04:00", "endTime": "2018-03-15T06:00:00-04:00", "isDaytime": false, "temperature": 28, "temperatureUnit": "F", "temperatureTrend": null, "windSpeed": "9 to 20 mph", "windDirection": "W", "icon": "https://api.weather.gov/icons/land/night/bkn?size=medium", "shortForecast": "Mostly Cloudy", "detailedForecast": "Mostly cloudy, with a low around 28. West wind 9 to 20 mph, with gusts as high as 35 mph."}, {"number": 2, "name": "Thursday", "startTime": "2018-03-15T06:00:00-04:00", "endTime": "2018-03-15T18:00:00-04:00", "isDaytime": true, "temperature": 51, "temperatureUnit": "F", "temperatureTrend": null, "windSpeed": "9 to 18 mph", "windDirection": "W", "icon": "https://api.weather.gov/icons/land/day/snow?size=medium", "shortForecast": "Scattered Snow Showers", "detailedForecast": "Scattered snow showers between 8am and 11am, then scattered rain and snow showers between 11am and 5pm. Partly sunny, with a high near 51. West wind 9 to 18 mph, with gusts as high as 32 mph."}, {"number": 3, "name": "Thursday Night", "startTime": "2018-03-15T18:00:00-04:00", "endTime": "2018-03-16T06:00:00-04:00", "isDaytime": false, "temperature": 31, "temperatureUnit": "F", "temperatureTrend": null, "windSpeed": "9 to 18 mph", "windDirection": "NW", "icon": "https://api.weather.gov/icons/land/night/sct?size=medium", "shortForecast": "Partly Cloudy", "detailedForecast": "Partly cloudy, with a low around 31. Northwest wind 9 to 18 mph, with gusts as high as 32 mph."}, {"number": 4, "name": "Friday", "startTime": "2018-03-16T06:00:00-04:00", "endTime": "2018-03-16T18:00:00-04:00", "isDaytime": true, "temperature": 46, "temperatureUnit": "F", "temperatureTrend": null, "windSpeed": "9 to 17 mph", "windDirection": "NW", "icon": "https://api.weather.gov/icons/land/day/sct?size=medium", "shortForecast": "Mostly Sunny", "detailedForecast": "Mostly sunny, with a high near 46. Northwest wind 9 to 17 mph, with gusts as high as 29 mph."}, {"number": 5, "name": "Friday Night", "startTime": "2018-03-16T18:00:00-04:00", "endTime": "2018-03-17T06:00:00-04:00", "isDaytime": false, "temperature": 28, "temperatureUnit": "F", "temperatureTrend": null, "windSpeed": "5 to 17 mph", "windDirection": "NW", "icon": "https://api.weather.gov/icons/land/night/few?size=medium", "shortForecast": "Mostly Clear", "detailedForecast": "Mostly clear, with a low around 28. Northwest wind 5 to 17 mph, with gusts as high as 29 mph."}, {"number": 6, "name": "Saturday", "startTime": "2018-03-17T06:00:00-04:00", "endTime": "2018-03-17T18:00:00-04:00", "isDaytime": true, "temperature": 49, "temperatureUnit": "F", "temperatureTrend": null, "windSpeed": "7 mph", "windDirection": "W", "icon": "https://api.weather.gov/icons/land/day/sct/rain_showers,20?size=medium", "shortForecast": "Mostly Sunny then Slight Chance Rain Showers", "detailedForecast": "A slight chance of rain showers after 2pm. Mostly sunny, with a high near 49. Chance of precipitation is 20%."}, {"number": 7, "name": "Saturday Night", "startTime": "2018-03-17T18:00:00-04:00", "endTime": "2018-03-18T06:00:00-04:00", "isDaytime": false, "temperature": 30, "temperatureUnit": "F", "temperatureTrend": null, "windSpeed": "6 mph", "windDirection": "NW", "icon": "https://api.weather.gov/icons/land/night/rain_showers/sct?size=medium", "shortForecast": "Slight Chance Rain Showers then Partly Cloudy", "detailedForecast": "A slight chance of rain showers before 8pm. Partly cloudy, with a low around 30."}, {"number": 8, "name": "Sunday", "startTime": "2018-03-18T06:00:00-04:00", "endTime": "2018-03-18T18:00:00-04:00", "isDaytime": true, "temperature": 52, "temperatureUnit": "F", "temperatureTrend": null, "windSpeed": "5 mph", "windDirection": "NW", "icon": "https://api.weather.gov/icons/land/day/few?size=medium", "shortForecast": "Sunny", "detailedForecast": "Sunny, with a high near 52."}, {"number": 9, "name": "Sunday Night", "startTime": "2018-03-18T18:00:00-04:00", "endTime": "2018-03-19T06:00:00-04:00", "isDaytime": false, "temperature": 32, "temperatureUnit": "F", "temperatureTrend": null, "windSpeed": "5 mph", "windDirection": "NW", "icon": "https://api.weather.gov/icons/land/night/few?size=medium", "shortForecast": "Mostly Clear", "detailedForecast": "Mostly clear, with a low around 32."}, {"number": 10, "name": "Monday", "startTime": "2018-03-19T06:00:00-04:00", "endTime": "2018-03-19T18:00:00-04:00", "isDaytime": true, "temperature": 51, "temperatureUnit": "F", "temperatureTrend": null, "windSpeed": "2 to 6 mph", "windDirection": "E", "icon": "https://api.weather.gov/icons/land/day/rain,30?size=medium", "shortForecast": "Chance Light Rain", "detailedForecast": "A chance of rain after 8am. Partly sunny, with a high near 51. Chance of precipitation is 30%."}, {"number": 11, "name": "Monday Night", "startTime": "2018-03-19T18:00:00-04:00", "endTime": "2018-03-20T06:00:00-04:00", "isDaytime": false, "temperature": 37, "temperatureUnit": "F", "temperatureTrend": null, "windSpeed": "7 mph", "windDirection": "E", "icon": "https://api.weather.gov/icons/land/night/rain,70?size=medium", "shortForecast": "Light Rain Likely", "detailedForecast": "Rain likely before 2am, then rain showers likely. Mostly cloudy, with a low around 37. Chance of precipitation is 70%."}, {"number": 12, "name": "Tuesday", "startTime": "2018-03-20T06:00:00-04:00", "endTime": "2018-03-20T18:00:00-04:00", "isDaytime": true, "temperature": 48, "temperatureUnit": "F", "temperatureTrend": null, "windSpeed": "6 to 9 mph", "windDirection": "NE", "icon": "https://api.weather.gov/icons/land/day/rain,70/rain,60?size=medium", "shortForecast": "Light Rain Likely", "detailedForecast": "Rain showers likely before 8am, then rain likely. Mostly cloudy, with a high near 48. Chance of precipitation is 70%."}, {"number": 13, "name": "Tuesday Night", "startTime": "2018-03-20T18:00:00-04:00", "endTime": "2018-03-21T06:00:00-04:00", "isDaytime": false, "temperature": 32, "temperatureUnit": "F", "temperatureTrend": null, "windSpeed": "10 mph", "windDirection": "N", "icon": "https://api.weather.gov/icons/land/night/snow,60/snow,30?size=medium", "shortForecast": "Chance Rain And Snow Showers", "detailedForecast": "Rain likely before 8pm, then a chance of rain and snow showers. Mostly cloudy, with a low around 32. Chance of precipitation is 60%."}, {"number": 14, "name": "Wednesday", "startTime": "2018-03-21T06:00:00-04:00", "endTime": "2018-03-21T18:00:00-04:00", "isDaytime": true, "temperature": 47, "temperatureUnit": "F", "temperatureTrend": null, "windSpeed": "13 mph", "windDirection": "NW", "icon": "https://api.weather.gov/icons/land/day/snow,30/rain_showers,30?size=medium", "shortForecast": "Chance Snow Showers then Chance Rain Showers", "detailedForecast": "A chance of snow showers before 8am, then a chance of rain showers. Mostly sunny, with a high near 47. Chance of precipitation is 30%."}]}}}